check	status	value
workflow_completed	PASS	Execution complete -- Goodbye
expected_samples	PASS	chip_rep1,chip_rep2,input
replicate_broad_regions	PASS	2 non-empty broadPeak sets
replicate_support_consensus	PASS	1026 final regions
frip	PASS	2 fragment-unit records
multiqc	PASS	/scratch/Schisto-epigenetics/gustavo/helixforge-chipseq-broad-benchmark-20260828/helixforge/results/030-qc-fastq/multiqc/raw_fastq_multiqc.html
nextflow_report	PASS	/scratch/Schisto-epigenetics/gustavo/helixforge-chipseq-broad-benchmark-20260828/helixforge/report.html
terminal_consensus_manifest	PASS	/scratch/Schisto-epigenetics/gustavo/helixforge-chipseq-broad-benchmark-20260828/helixforge/results/chipseq/consensus/consolidation_summary.json
trace	PASS	40 completed tasks
