gene_id	truth_class	expected_rna	observed_rna	expected_chip	observed_chip	status
SYN_GENE_0001	ACTIVATING_CONCORDANT	MEASURED	MEASURED	MEASURED	MEASURED	PASS
SYN_GENE_0002	ACTIVATING_CONCORDANT	MEASURED	MEASURED	MEASURED	MEASURED	PASS
SYN_GENE_0003	ACTIVATING_CONCORDANT	MEASURED	MEASURED	MEASURED	MEASURED	PASS
SYN_GENE_0004	ACTIVATING_CONCORDANT	MEASURED	MEASURED	MEASURED	MEASURED	PASS
SYN_GENE_0005	ACTIVATING_CONCORDANT	MEASURED	MEASURED	MEASURED	MEASURED	PASS
SYN_GENE_0006	ACTIVATING_CONCORDANT	MEASURED	MEASURED	MEASURED	MEASURED	PASS
SYN_GENE_0007	ACTIVATING_CONCORDANT	MEASURED	MEASURED	MEASURED	MEASURED	PASS
SYN_GENE_0008	ACTIVATING_CONCORDANT	MEASURED	MEASURED	MEASURED	MEASURED	PASS
SYN_GENE_0009	ACTIVATING_CONCORDANT	MEASURED	MEASURED	MEASURED	MEASURED	PASS
SYN_GENE_0010	ACTIVATING_CONCORDANT	MEASURED	MEASURED	MEASURED	MEASURED	PASS
SYN_GENE_0011	ACTIVATING_CONCORDANT	MEASURED	MEASURED	MEASURED	MEASURED	PASS
SYN_GENE_0012	ACTIVATING_CONCORDANT	MEASURED	MEASURED	MEASURED	MEASURED	PASS
SYN_GENE_0013	ACTIVATING_CONCORDANT	MEASURED	MEASURED	MEASURED	MEASURED	PASS
SYN_GENE_0014	ACTIVATING_CONCORDANT	MEASURED	MEASURED	MEASURED	MEASURED	PASS
SYN_GENE_0015	ACTIVATING_CONCORDANT	MEASURED	MEASURED	MEASURED	MEASURED	PASS
SYN_GENE_0016	ACTIVATING_CONCORDANT	MEASURED	MEASURED	MEASURED	MEASURED	PASS
SYN_GENE_0017	ACTIVATING_CONCORDANT	MEASURED	MEASURED	MEASURED	MEASURED	PASS
SYN_GENE_0018	ACTIVATING_CONCORDANT	MEASURED	MEASURED	MEASURED	MEASURED	PASS
SYN_GENE_0019	ACTIVATING_CONCORDANT	MEASURED	MEASURED	MEASURED	MEASURED	PASS
SYN_GENE_0020	ACTIVATING_CONCORDANT	MEASURED	MEASURED	MEASURED	MEASURED	PASS
SYN_GENE_0021	ACTIVATING_CONCORDANT	MEASURED	MEASURED	MEASURED	MEASURED	PASS
SYN_GENE_0022	ACTIVATING_CONCORDANT	MEASURED	MEASURED	MEASURED	MEASURED	PASS
SYN_GENE_0023	ACTIVATING_CONCORDANT	MEASURED	MEASURED	MEASURED	MEASURED	PASS
SYN_GENE_0024	ACTIVATING_CONCORDANT	MEASURED	MEASURED	MEASURED	MEASURED	PASS
SYN_GENE_0025	ACTIVATING_CONCORDANT	MEASURED	MEASURED	MEASURED	MEASURED	PASS
SYN_GENE_0026	ACTIVATING_CONCORDANT	MEASURED	MEASURED	MEASURED	MEASURED	PASS
SYN_GENE_0027	ACTIVATING_CONCORDANT	MEASURED	MEASURED	MEASURED	MEASURED	PASS
SYN_GENE_0028	ACTIVATING_CONCORDANT	MEASURED	MEASURED	MEASURED	MEASURED	PASS
SYN_GENE_0029	ACTIVATING_CONCORDANT	MEASURED	MEASURED	MEASURED	MEASURED	PASS
SYN_GENE_0030	ACTIVATING_CONCORDANT	MEASURED	MEASURED	MEASURED	MEASURED	PASS
SYN_GENE_0031	ACTIVATING_CONCORDANT	MEASURED	MEASURED	MEASURED	MEASURED	PASS
SYN_GENE_0032	ACTIVATING_CONCORDANT	MEASURED	MEASURED	MEASURED	MEASURED	PASS
SYN_GENE_0033	ACTIVATING_CONCORDANT	MEASURED	MEASURED	MEASURED	MEASURED	PASS
SYN_GENE_0034	ACTIVATING_CONCORDANT	MEASURED	MEASURED	MEASURED	MEASURED	PASS
SYN_GENE_0035	ACTIVATING_CONCORDANT	MEASURED	MEASURED	MEASURED	MEASURED	PASS
SYN_GENE_0036	ACTIVATING_CONCORDANT	MEASURED	MEASURED	MEASURED	MEASURED	PASS
SYN_GENE_0037	ACTIVATING_CONCORDANT	MEASURED	MEASURED	MEASURED	MEASURED	PASS
SYN_GENE_0038	ACTIVATING_CONCORDANT	MEASURED	MEASURED	MEASURED	MEASURED	PASS
SYN_GENE_0039	ACTIVATING_CONCORDANT	MEASURED	MEASURED	MEASURED	MEASURED	PASS
SYN_GENE_0040	ACTIVATING_CONCORDANT	MEASURED	MEASURED	MEASURED	MEASURED	PASS
SYN_GENE_0041	ACTIVATING_CONCORDANT	MEASURED	MEASURED	MEASURED	MEASURED	PASS
SYN_GENE_0042	ACTIVATING_CONCORDANT	MEASURED	MEASURED	MEASURED	MEASURED	PASS
SYN_GENE_0043	ACTIVATING_CONCORDANT	MEASURED	MEASURED	MEASURED	MEASURED	PASS
SYN_GENE_0044	ACTIVATING_CONCORDANT	MEASURED	MEASURED	MEASURED	MEASURED	PASS
SYN_GENE_0045	ACTIVATING_CONCORDANT	MEASURED	MEASURED	MEASURED	MEASURED	PASS
SYN_GENE_0046	ACTIVATING_CONCORDANT	MEASURED	MEASURED	MEASURED	MEASURED	PASS
SYN_GENE_0047	ACTIVATING_CONCORDANT	MEASURED	MEASURED	MEASURED	MEASURED	PASS
SYN_GENE_0048	ACTIVATING_CONCORDANT	MEASURED	MEASURED	MEASURED	MEASURED	PASS
SYN_GENE_0049	ACTIVATING_CONCORDANT	MEASURED	MEASURED	MEASURED	MEASURED	PASS
SYN_GENE_0050	ACTIVATING_CONCORDANT	MEASURED	MEASURED	MEASURED	MEASURED	PASS
SYN_GENE_0051	ACTIVATING_CONCORDANT	MEASURED	MEASURED	MEASURED	MEASURED	PASS
SYN_GENE_0052	ACTIVATING_CONCORDANT	MEASURED	MEASURED	MEASURED	MEASURED	PASS
SYN_GENE_0053	ACTIVATING_CONCORDANT	MEASURED	MEASURED	MEASURED	MEASURED	PASS
SYN_GENE_0054	ACTIVATING_CONCORDANT	MEASURED	MEASURED	MEASURED	MEASURED	PASS
SYN_GENE_0055	ACTIVATING_CONCORDANT	MEASURED	MEASURED	MEASURED	MEASURED	PASS
SYN_GENE_0056	ACTIVATING_CONCORDANT	MEASURED	MEASURED	MEASURED	MEASURED	PASS
SYN_GENE_0057	ACTIVATING_CONCORDANT	MEASURED	MEASURED	MEASURED	MEASURED	PASS
SYN_GENE_0058	ACTIVATING_CONCORDANT	MEASURED	MEASURED	MEASURED	MEASURED	PASS
SYN_GENE_0059	ACTIVATING_CONCORDANT	MEASURED	MEASURED	MEASURED	MEASURED	PASS
SYN_GENE_0060	ACTIVATING_CONCORDANT	MEASURED	MEASURED	MEASURED	MEASURED	PASS
SYN_GENE_0061	ACTIVATING_CONCORDANT	MEASURED	MEASURED	MEASURED	MEASURED	PASS
SYN_GENE_0062	ACTIVATING_CONCORDANT	MEASURED	MEASURED	MEASURED	MEASURED	PASS
SYN_GENE_0063	ACTIVATING_CONCORDANT	MEASURED	MEASURED	MEASURED	MEASURED	PASS
SYN_GENE_0064	ACTIVATING_CONCORDANT	MEASURED	MEASURED	MEASURED	MEASURED	PASS
SYN_GENE_0065	ACTIVATING_CONCORDANT	MEASURED	MEASURED	MEASURED	MEASURED	PASS
SYN_GENE_0066	ACTIVATING_CONCORDANT	MEASURED	MEASURED	MEASURED	MEASURED	PASS
SYN_GENE_0067	ACTIVATING_CONCORDANT	MEASURED	MEASURED	MEASURED	MEASURED	PASS
SYN_GENE_0068	ACTIVATING_CONCORDANT	MEASURED	MEASURED	MEASURED	MEASURED	PASS
SYN_GENE_0069	ACTIVATING_CONCORDANT	MEASURED	MEASURED	MEASURED	MEASURED	PASS
SYN_GENE_0070	ACTIVATING_CONCORDANT	MEASURED	MEASURED	MEASURED	MEASURED	PASS
SYN_GENE_0071	ACTIVATING_CONCORDANT	MEASURED	MEASURED	MEASURED	MEASURED	PASS
SYN_GENE_0072	ACTIVATING_CONCORDANT	MEASURED	MEASURED	MEASURED	MEASURED	PASS
SYN_GENE_0073	ACTIVATING_CONCORDANT	MEASURED	MEASURED	MEASURED	MEASURED	PASS
SYN_GENE_0074	ACTIVATING_CONCORDANT	MEASURED	MEASURED	MEASURED	MEASURED	PASS
SYN_GENE_0075	ACTIVATING_CONCORDANT	MEASURED	MEASURED	MEASURED	MEASURED	PASS
SYN_GENE_0076	ACTIVATING_CONCORDANT	MEASURED	MEASURED	MEASURED	MEASURED	PASS
SYN_GENE_0077	ACTIVATING_CONCORDANT	MEASURED	MEASURED	MEASURED	MEASURED	PASS
SYN_GENE_0078	ACTIVATING_CONCORDANT	MEASURED	MEASURED	MEASURED	MEASURED	PASS
SYN_GENE_0079	ACTIVATING_CONCORDANT	MEASURED	MEASURED	MEASURED	MEASURED	PASS
SYN_GENE_0080	ACTIVATING_CONCORDANT	MEASURED	MEASURED	MEASURED	MEASURED	PASS
SYN_GENE_0081	ACTIVATING_CONCORDANT	MEASURED	MEASURED	MEASURED	MEASURED	PASS
SYN_GENE_0082	ACTIVATING_CONCORDANT	MEASURED	MEASURED	MEASURED	MEASURED	PASS
SYN_GENE_0083	ACTIVATING_CONCORDANT	MEASURED	MEASURED	MEASURED	MEASURED	PASS
SYN_GENE_0084	ACTIVATING_CONCORDANT	MEASURED	MEASURED	MEASURED	MEASURED	PASS
SYN_GENE_0085	ACTIVATING_CONCORDANT	MEASURED	MEASURED	MEASURED	MEASURED	PASS
SYN_GENE_0086	ACTIVATING_CONCORDANT	MEASURED	MEASURED	MEASURED	MEASURED	PASS
SYN_GENE_0087	ACTIVATING_CONCORDANT	MEASURED	MEASURED	MEASURED	MEASURED	PASS
SYN_GENE_0088	ACTIVATING_CONCORDANT	MEASURED	MEASURED	MEASURED	MEASURED	PASS
SYN_GENE_0089	ACTIVATING_CONCORDANT	MEASURED	MEASURED	MEASURED	MEASURED	PASS
SYN_GENE_0090	ACTIVATING_CONCORDANT	MEASURED	MEASURED	MEASURED	MEASURED	PASS
SYN_GENE_0091	ACTIVATING_CONCORDANT	MEASURED	MEASURED	MEASURED	MEASURED	PASS
SYN_GENE_0092	ACTIVATING_CONCORDANT	MEASURED	MEASURED	MEASURED	MEASURED	PASS
SYN_GENE_0093	ACTIVATING_CONCORDANT	MEASURED	MEASURED	MEASURED	MEASURED	PASS
SYN_GENE_0094	ACTIVATING_CONCORDANT	MEASURED	MEASURED	MEASURED	MEASURED	PASS
SYN_GENE_0095	ACTIVATING_CONCORDANT	MEASURED	MEASURED	MEASURED	MEASURED	PASS
SYN_GENE_0096	ACTIVATING_CONCORDANT	MEASURED	MEASURED	MEASURED	MEASURED	PASS
SYN_GENE_0097	ACTIVATING_CONCORDANT	MEASURED	MEASURED	MEASURED	MEASURED	PASS
SYN_GENE_0098	ACTIVATING_CONCORDANT	MEASURED	MEASURED	MEASURED	MEASURED	PASS
SYN_GENE_0099	ACTIVATING_CONCORDANT	MEASURED	MEASURED	MEASURED	MEASURED	PASS
SYN_GENE_0100	ACTIVATING_CONCORDANT	MEASURED	MEASURED	MEASURED	MEASURED	PASS
SYN_GENE_0101	ACTIVATING_CONCORDANT	MEASURED	MEASURED	MEASURED	MEASURED	PASS
SYN_GENE_0102	ACTIVATING_CONCORDANT	MEASURED	MEASURED	MEASURED	MEASURED	PASS
SYN_GENE_0103	ACTIVATING_CONCORDANT	MEASURED	MEASURED	MEASURED	MEASURED	PASS
SYN_GENE_0104	ACTIVATING_CONCORDANT	MEASURED	MEASURED	MEASURED	MEASURED	PASS
SYN_GENE_0105	ACTIVATING_CONCORDANT	MEASURED	MEASURED	MEASURED	MEASURED	PASS
SYN_GENE_0106	ACTIVATING_CONCORDANT	MEASURED	MEASURED	MEASURED	MEASURED	PASS
SYN_GENE_0107	ACTIVATING_CONCORDANT	MEASURED	MEASURED	MEASURED	MEASURED	PASS
SYN_GENE_0108	ACTIVATING_CONCORDANT	MEASURED	MEASURED	MEASURED	MEASURED	PASS
SYN_GENE_0109	ACTIVATING_CONCORDANT	MEASURED	MEASURED	MEASURED	MEASURED	PASS
SYN_GENE_0110	ACTIVATING_CONCORDANT	MEASURED	MEASURED	MEASURED	MEASURED	PASS
SYN_GENE_0111	ACTIVATING_CONCORDANT	MEASURED	MEASURED	MEASURED	MEASURED	PASS
SYN_GENE_0112	ACTIVATING_CONCORDANT	MEASURED	MEASURED	MEASURED	MEASURED	PASS
SYN_GENE_0113	ACTIVATING_CONCORDANT	MEASURED	MEASURED	MEASURED	MEASURED	PASS
SYN_GENE_0114	ACTIVATING_CONCORDANT	MEASURED	MEASURED	MEASURED	MEASURED	PASS
SYN_GENE_0115	ACTIVATING_CONCORDANT	MEASURED	MEASURED	MEASURED	MEASURED	PASS
SYN_GENE_0116	ACTIVATING_CONCORDANT	MEASURED	MEASURED	MEASURED	MEASURED	PASS
SYN_GENE_0117	ACTIVATING_CONCORDANT	MEASURED	MEASURED	MEASURED	MEASURED	PASS
SYN_GENE_0118	ACTIVATING_CONCORDANT	MEASURED	MEASURED	MEASURED	MEASURED	PASS
SYN_GENE_0119	ACTIVATING_CONCORDANT	MEASURED	MEASURED	MEASURED	MEASURED	PASS
SYN_GENE_0120	ACTIVATING_CONCORDANT	MEASURED	MEASURED	MEASURED	MEASURED	PASS
SYN_GENE_0121	ACTIVATING_CONCORDANT	MEASURED	MEASURED	MEASURED	MEASURED	PASS
SYN_GENE_0122	ACTIVATING_CONCORDANT	MEASURED	MEASURED	MEASURED	MEASURED	PASS
SYN_GENE_0123	ACTIVATING_CONCORDANT	MEASURED	MEASURED	MEASURED	MEASURED	PASS
SYN_GENE_0124	ACTIVATING_CONCORDANT	MEASURED	MEASURED	MEASURED	MEASURED	PASS
SYN_GENE_0125	ACTIVATING_CONCORDANT	MEASURED	MEASURED	MEASURED	MEASURED	PASS
SYN_GENE_0126	ACTIVATING_CONCORDANT	MEASURED	MEASURED	MEASURED	MEASURED	PASS
SYN_GENE_0127	ACTIVATING_CONCORDANT	MEASURED	MEASURED	MEASURED	MEASURED	PASS
SYN_GENE_0128	ACTIVATING_CONCORDANT	MEASURED	MEASURED	MEASURED	MEASURED	PASS
SYN_GENE_0129	ACTIVATING_CONCORDANT	MEASURED	MEASURED	MEASURED	MEASURED	PASS
SYN_GENE_0130	ACTIVATING_CONCORDANT	MEASURED	MEASURED	MEASURED	MEASURED	PASS
SYN_GENE_0131	ACTIVATING_CONCORDANT	MEASURED	MEASURED	MEASURED	MEASURED	PASS
SYN_GENE_0132	ACTIVATING_CONCORDANT	MEASURED	MEASURED	MEASURED	MEASURED	PASS
SYN_GENE_0133	ACTIVATING_CONCORDANT	MEASURED	MEASURED	MEASURED	MEASURED	PASS
SYN_GENE_0134	ACTIVATING_CONCORDANT	MEASURED	MEASURED	MEASURED	MEASURED	PASS
SYN_GENE_0135	ACTIVATING_CONCORDANT	MEASURED	MEASURED	MEASURED	MEASURED	PASS
SYN_GENE_0136	ACTIVATING_CONCORDANT	MEASURED	MEASURED	MEASURED	MEASURED	PASS
SYN_GENE_0137	ACTIVATING_CONCORDANT	MEASURED	MEASURED	MEASURED	MEASURED	PASS
SYN_GENE_0138	ACTIVATING_CONCORDANT	MEASURED	MEASURED	MEASURED	MEASURED	PASS
SYN_GENE_0139	ACTIVATING_CONCORDANT	MEASURED	MEASURED	MEASURED	MEASURED	PASS
SYN_GENE_0140	ACTIVATING_CONCORDANT	MEASURED	MEASURED	MEASURED	MEASURED	PASS
SYN_GENE_0141	ACTIVATING_CONCORDANT	MEASURED	MEASURED	MEASURED	MEASURED	PASS
SYN_GENE_0142	ACTIVATING_CONCORDANT	MEASURED	MEASURED	MEASURED	MEASURED	PASS
SYN_GENE_0143	ACTIVATING_CONCORDANT	MEASURED	MEASURED	MEASURED	MEASURED	PASS
SYN_GENE_0144	ACTIVATING_CONCORDANT	MEASURED	MEASURED	MEASURED	MEASURED	PASS
SYN_GENE_0145	ACTIVATING_CONCORDANT	MEASURED	MEASURED	MEASURED	MEASURED	PASS
SYN_GENE_0146	ACTIVATING_CONCORDANT	MEASURED	MEASURED	MEASURED	MEASURED	PASS
SYN_GENE_0147	ACTIVATING_CONCORDANT	MEASURED	MEASURED	MEASURED	MEASURED	PASS
SYN_GENE_0148	ACTIVATING_CONCORDANT	MEASURED	MEASURED	MEASURED	MEASURED	PASS
SYN_GENE_0149	ACTIVATING_CONCORDANT	MEASURED	MEASURED	MEASURED	MEASURED	PASS
SYN_GENE_0150	ACTIVATING_CONCORDANT	MEASURED	MEASURED	MEASURED	MEASURED	PASS
SYN_GENE_0151	ACTIVATING_CONCORDANT	MEASURED	MEASURED	MEASURED	MEASURED	PASS
SYN_GENE_0152	ACTIVATING_CONCORDANT	MEASURED	MEASURED	MEASURED	MEASURED	PASS
SYN_GENE_0153	ACTIVATING_CONCORDANT	MEASURED	MEASURED	MEASURED	MEASURED	PASS
SYN_GENE_0154	ACTIVATING_CONCORDANT	MEASURED	MEASURED	MEASURED	MEASURED	PASS
SYN_GENE_0155	ACTIVATING_CONCORDANT	MEASURED	MEASURED	MEASURED	MEASURED	PASS
SYN_GENE_0156	ACTIVATING_CONCORDANT	MEASURED	MEASURED	MEASURED	MEASURED	PASS
SYN_GENE_0157	ACTIVATING_CONCORDANT	MEASURED	MEASURED	MEASURED	MEASURED	PASS
SYN_GENE_0158	ACTIVATING_CONCORDANT	MEASURED	MEASURED	MEASURED	MEASURED	PASS
SYN_GENE_0159	ACTIVATING_CONCORDANT	MEASURED	MEASURED	MEASURED	MEASURED	PASS
SYN_GENE_0160	ACTIVATING_CONCORDANT	MEASURED	MEASURED	MEASURED	MEASURED	PASS
SYN_GENE_0161	ACTIVATING_CONCORDANT	MEASURED	MEASURED	MEASURED	MEASURED	PASS
SYN_GENE_0162	ACTIVATING_CONCORDANT	MEASURED	MEASURED	MEASURED	MEASURED	PASS
SYN_GENE_0163	ACTIVATING_CONCORDANT	MEASURED	MEASURED	MEASURED	MEASURED	PASS
SYN_GENE_0164	ACTIVATING_CONCORDANT	MEASURED	MEASURED	MEASURED	MEASURED	PASS
SYN_GENE_0165	ACTIVATING_CONCORDANT	MEASURED	MEASURED	MEASURED	MEASURED	PASS
SYN_GENE_0166	ACTIVATING_CONCORDANT	MEASURED	MEASURED	MEASURED	MEASURED	PASS
SYN_GENE_0167	ACTIVATING_CONCORDANT	MEASURED	MEASURED	MEASURED	MEASURED	PASS
SYN_GENE_0168	ACTIVATING_CONCORDANT	MEASURED	MEASURED	MEASURED	MEASURED	PASS
SYN_GENE_0169	ACTIVATING_CONCORDANT	MEASURED	MEASURED	MEASURED	MEASURED	PASS
SYN_GENE_0170	ACTIVATING_CONCORDANT	MEASURED	MEASURED	MEASURED	MEASURED	PASS
SYN_GENE_0171	ACTIVATING_CONCORDANT	MEASURED	MEASURED	MEASURED	MEASURED	PASS
SYN_GENE_0172	ACTIVATING_CONCORDANT	MEASURED	MEASURED	MEASURED	MEASURED	PASS
SYN_GENE_0173	ACTIVATING_CONCORDANT	MEASURED	MEASURED	MEASURED	MEASURED	PASS
SYN_GENE_0174	ACTIVATING_CONCORDANT	MEASURED	MEASURED	MEASURED	MEASURED	PASS
SYN_GENE_0175	ACTIVATING_CONCORDANT	MEASURED	MEASURED	MEASURED	MEASURED	PASS
SYN_GENE_0176	ACTIVATING_CONCORDANT	MEASURED	MEASURED	MEASURED	MEASURED	PASS
SYN_GENE_0177	ACTIVATING_CONCORDANT	MEASURED	MEASURED	MEASURED	MEASURED	PASS
SYN_GENE_0178	ACTIVATING_CONCORDANT	MEASURED	MEASURED	MEASURED	MEASURED	PASS
SYN_GENE_0179	ACTIVATING_CONCORDANT	MEASURED	MEASURED	MEASURED	MEASURED	PASS
SYN_GENE_0180	ACTIVATING_CONCORDANT	MEASURED	MEASURED	MEASURED	MEASURED	PASS
SYN_GENE_0181	ACTIVATING_CONCORDANT	MEASURED	MEASURED	MEASURED	MEASURED	PASS
SYN_GENE_0182	ACTIVATING_CONCORDANT	MEASURED	MEASURED	MEASURED	MEASURED	PASS
SYN_GENE_0183	ACTIVATING_CONCORDANT	MEASURED	MEASURED	MEASURED	MEASURED	PASS
SYN_GENE_0184	ACTIVATING_CONCORDANT	MEASURED	MEASURED	MEASURED	MEASURED	PASS
SYN_GENE_0185	ACTIVATING_CONCORDANT	MEASURED	MEASURED	MEASURED	MEASURED	PASS
SYN_GENE_0186	ACTIVATING_CONCORDANT	MEASURED	MEASURED	MEASURED	MEASURED	PASS
SYN_GENE_0187	ACTIVATING_CONCORDANT	MEASURED	MEASURED	MEASURED	MEASURED	PASS
SYN_GENE_0188	ACTIVATING_CONCORDANT	MEASURED	MEASURED	MEASURED	MEASURED	PASS
SYN_GENE_0189	ACTIVATING_CONCORDANT	MEASURED	MEASURED	MEASURED	MEASURED	PASS
SYN_GENE_0190	ACTIVATING_CONCORDANT	MEASURED	MEASURED	MEASURED	MEASURED	PASS
SYN_GENE_0191	ACTIVATING_CONCORDANT	MEASURED	MEASURED	MEASURED	MEASURED	PASS
SYN_GENE_0192	ACTIVATING_CONCORDANT	MEASURED	MEASURED	MEASURED	MEASURED	PASS
SYN_GENE_0193	ACTIVATING_CONCORDANT	MEASURED	MEASURED	MEASURED	MEASURED	PASS
SYN_GENE_0194	ACTIVATING_CONCORDANT	MEASURED	MEASURED	MEASURED	MEASURED	PASS
SYN_GENE_0195	ACTIVATING_CONCORDANT	MEASURED	MEASURED	MEASURED	MEASURED	PASS
SYN_GENE_0196	ACTIVATING_CONCORDANT	MEASURED	MEASURED	MEASURED	MEASURED	PASS
SYN_GENE_0197	ACTIVATING_CONCORDANT	MEASURED	MEASURED	MEASURED	MEASURED	PASS
SYN_GENE_0198	ACTIVATING_CONCORDANT	MEASURED	MEASURED	MEASURED	MEASURED	PASS
SYN_GENE_0199	ACTIVATING_CONCORDANT	MEASURED	MEASURED	MEASURED	MEASURED	PASS
SYN_GENE_0200	ACTIVATING_CONCORDANT	MEASURED	MEASURED	MEASURED	MEASURED	PASS
SYN_GENE_0201	REPRESSIVE_CONCORDANT	MEASURED	MEASURED	MEASURED	MEASURED	PASS
SYN_GENE_0202	REPRESSIVE_CONCORDANT	MEASURED	MEASURED	MEASURED	MEASURED	PASS
SYN_GENE_0203	REPRESSIVE_CONCORDANT	MEASURED	MEASURED	MEASURED	MEASURED	PASS
SYN_GENE_0204	REPRESSIVE_CONCORDANT	MEASURED	MEASURED	MEASURED	MEASURED	PASS
SYN_GENE_0205	REPRESSIVE_CONCORDANT	MEASURED	MEASURED	MEASURED	MEASURED	PASS
SYN_GENE_0206	REPRESSIVE_CONCORDANT	MEASURED	MEASURED	MEASURED	MEASURED	PASS
SYN_GENE_0207	REPRESSIVE_CONCORDANT	MEASURED	MEASURED	MEASURED	MEASURED	PASS
SYN_GENE_0208	REPRESSIVE_CONCORDANT	MEASURED	MEASURED	MEASURED	MEASURED	PASS
SYN_GENE_0209	REPRESSIVE_CONCORDANT	MEASURED	MEASURED	MEASURED	MEASURED	PASS
SYN_GENE_0210	REPRESSIVE_CONCORDANT	MEASURED	MEASURED	MEASURED	MEASURED	PASS
SYN_GENE_0211	REPRESSIVE_CONCORDANT	MEASURED	MEASURED	MEASURED	MEASURED	PASS
SYN_GENE_0212	REPRESSIVE_CONCORDANT	MEASURED	MEASURED	MEASURED	MEASURED	PASS
SYN_GENE_0213	REPRESSIVE_CONCORDANT	MEASURED	MEASURED	MEASURED	MEASURED	PASS
SYN_GENE_0214	REPRESSIVE_CONCORDANT	MEASURED	MEASURED	MEASURED	MEASURED	PASS
SYN_GENE_0215	REPRESSIVE_CONCORDANT	MEASURED	MEASURED	MEASURED	MEASURED	PASS
SYN_GENE_0216	REPRESSIVE_CONCORDANT	MEASURED	MEASURED	MEASURED	MEASURED	PASS
SYN_GENE_0217	REPRESSIVE_CONCORDANT	MEASURED	MEASURED	MEASURED	MEASURED	PASS
SYN_GENE_0218	REPRESSIVE_CONCORDANT	MEASURED	MEASURED	MEASURED	MEASURED	PASS
SYN_GENE_0219	REPRESSIVE_CONCORDANT	MEASURED	MEASURED	MEASURED	MEASURED	PASS
SYN_GENE_0220	REPRESSIVE_CONCORDANT	MEASURED	MEASURED	MEASURED	MEASURED	PASS
SYN_GENE_0221	REPRESSIVE_CONCORDANT	MEASURED	MEASURED	MEASURED	MEASURED	PASS
SYN_GENE_0222	REPRESSIVE_CONCORDANT	MEASURED	MEASURED	MEASURED	MEASURED	PASS
SYN_GENE_0223	REPRESSIVE_CONCORDANT	MEASURED	MEASURED	MEASURED	MEASURED	PASS
SYN_GENE_0224	REPRESSIVE_CONCORDANT	MEASURED	MEASURED	MEASURED	MEASURED	PASS
SYN_GENE_0225	REPRESSIVE_CONCORDANT	MEASURED	MEASURED	MEASURED	MEASURED	PASS
SYN_GENE_0226	REPRESSIVE_CONCORDANT	MEASURED	MEASURED	MEASURED	MEASURED	PASS
SYN_GENE_0227	REPRESSIVE_CONCORDANT	MEASURED	MEASURED	MEASURED	MEASURED	PASS
SYN_GENE_0228	REPRESSIVE_CONCORDANT	MEASURED	MEASURED	MEASURED	MEASURED	PASS
SYN_GENE_0229	REPRESSIVE_CONCORDANT	MEASURED	MEASURED	MEASURED	MEASURED	PASS
SYN_GENE_0230	REPRESSIVE_CONCORDANT	MEASURED	MEASURED	MEASURED	MEASURED	PASS
SYN_GENE_0231	REPRESSIVE_CONCORDANT	MEASURED	MEASURED	MEASURED	MEASURED	PASS
SYN_GENE_0232	REPRESSIVE_CONCORDANT	MEASURED	MEASURED	MEASURED	MEASURED	PASS
SYN_GENE_0233	REPRESSIVE_CONCORDANT	MEASURED	MEASURED	MEASURED	MEASURED	PASS
SYN_GENE_0234	REPRESSIVE_CONCORDANT	MEASURED	MEASURED	MEASURED	MEASURED	PASS
SYN_GENE_0235	REPRESSIVE_CONCORDANT	MEASURED	MEASURED	MEASURED	MEASURED	PASS
SYN_GENE_0236	REPRESSIVE_CONCORDANT	MEASURED	MEASURED	MEASURED	MEASURED	PASS
SYN_GENE_0237	REPRESSIVE_CONCORDANT	MEASURED	MEASURED	MEASURED	MEASURED	PASS
SYN_GENE_0238	REPRESSIVE_CONCORDANT	MEASURED	MEASURED	MEASURED	MEASURED	PASS
SYN_GENE_0239	REPRESSIVE_CONCORDANT	MEASURED	MEASURED	MEASURED	MEASURED	PASS
SYN_GENE_0240	REPRESSIVE_CONCORDANT	MEASURED	MEASURED	MEASURED	MEASURED	PASS
SYN_GENE_0241	REPRESSIVE_CONCORDANT	MEASURED	MEASURED	MEASURED	MEASURED	PASS
SYN_GENE_0242	REPRESSIVE_CONCORDANT	MEASURED	MEASURED	MEASURED	MEASURED	PASS
SYN_GENE_0243	REPRESSIVE_CONCORDANT	MEASURED	MEASURED	MEASURED	MEASURED	PASS
SYN_GENE_0244	REPRESSIVE_CONCORDANT	MEASURED	MEASURED	MEASURED	MEASURED	PASS
SYN_GENE_0245	REPRESSIVE_CONCORDANT	MEASURED	MEASURED	MEASURED	MEASURED	PASS
SYN_GENE_0246	REPRESSIVE_CONCORDANT	MEASURED	MEASURED	MEASURED	MEASURED	PASS
SYN_GENE_0247	REPRESSIVE_CONCORDANT	MEASURED	MEASURED	MEASURED	MEASURED	PASS
SYN_GENE_0248	REPRESSIVE_CONCORDANT	MEASURED	MEASURED	MEASURED	MEASURED	PASS
SYN_GENE_0249	REPRESSIVE_CONCORDANT	MEASURED	MEASURED	MEASURED	MEASURED	PASS
SYN_GENE_0250	REPRESSIVE_CONCORDANT	MEASURED	MEASURED	MEASURED	MEASURED	PASS
SYN_GENE_0251	REPRESSIVE_CONCORDANT	MEASURED	MEASURED	MEASURED	MEASURED	PASS
SYN_GENE_0252	REPRESSIVE_CONCORDANT	MEASURED	MEASURED	MEASURED	MEASURED	PASS
SYN_GENE_0253	REPRESSIVE_CONCORDANT	MEASURED	MEASURED	MEASURED	MEASURED	PASS
SYN_GENE_0254	REPRESSIVE_CONCORDANT	MEASURED	MEASURED	MEASURED	MEASURED	PASS
SYN_GENE_0255	REPRESSIVE_CONCORDANT	MEASURED	MEASURED	MEASURED	MEASURED	PASS
SYN_GENE_0256	REPRESSIVE_CONCORDANT	MEASURED	MEASURED	MEASURED	MEASURED	PASS
SYN_GENE_0257	REPRESSIVE_CONCORDANT	MEASURED	MEASURED	MEASURED	MEASURED	PASS
SYN_GENE_0258	REPRESSIVE_CONCORDANT	MEASURED	MEASURED	MEASURED	MEASURED	PASS
SYN_GENE_0259	REPRESSIVE_CONCORDANT	MEASURED	MEASURED	MEASURED	MEASURED	PASS
SYN_GENE_0260	REPRESSIVE_CONCORDANT	MEASURED	MEASURED	MEASURED	MEASURED	PASS
SYN_GENE_0261	REPRESSIVE_CONCORDANT	MEASURED	MEASURED	MEASURED	MEASURED	PASS
SYN_GENE_0262	REPRESSIVE_CONCORDANT	MEASURED	MEASURED	MEASURED	MEASURED	PASS
SYN_GENE_0263	REPRESSIVE_CONCORDANT	MEASURED	MEASURED	MEASURED	MEASURED	PASS
SYN_GENE_0264	REPRESSIVE_CONCORDANT	MEASURED	MEASURED	MEASURED	MEASURED	PASS
SYN_GENE_0265	REPRESSIVE_CONCORDANT	MEASURED	MEASURED	MEASURED	MEASURED	PASS
SYN_GENE_0266	REPRESSIVE_CONCORDANT	MEASURED	MEASURED	MEASURED	MEASURED	PASS
SYN_GENE_0267	REPRESSIVE_CONCORDANT	MEASURED	MEASURED	MEASURED	MEASURED	PASS
SYN_GENE_0268	REPRESSIVE_CONCORDANT	MEASURED	MEASURED	MEASURED	MEASURED	PASS
SYN_GENE_0269	REPRESSIVE_CONCORDANT	MEASURED	MEASURED	MEASURED	MEASURED	PASS
SYN_GENE_0270	REPRESSIVE_CONCORDANT	MEASURED	MEASURED	MEASURED	MEASURED	PASS
SYN_GENE_0271	REPRESSIVE_CONCORDANT	MEASURED	MEASURED	MEASURED	MEASURED	PASS
SYN_GENE_0272	REPRESSIVE_CONCORDANT	MEASURED	MEASURED	MEASURED	MEASURED	PASS
SYN_GENE_0273	REPRESSIVE_CONCORDANT	MEASURED	MEASURED	MEASURED	MEASURED	PASS
SYN_GENE_0274	REPRESSIVE_CONCORDANT	MEASURED	MEASURED	MEASURED	MEASURED	PASS
SYN_GENE_0275	REPRESSIVE_CONCORDANT	MEASURED	MEASURED	MEASURED	MEASURED	PASS
SYN_GENE_0276	REPRESSIVE_CONCORDANT	MEASURED	MEASURED	MEASURED	MEASURED	PASS
SYN_GENE_0277	REPRESSIVE_CONCORDANT	MEASURED	MEASURED	MEASURED	MEASURED	PASS
SYN_GENE_0278	REPRESSIVE_CONCORDANT	MEASURED	MEASURED	MEASURED	MEASURED	PASS
SYN_GENE_0279	REPRESSIVE_CONCORDANT	MEASURED	MEASURED	MEASURED	MEASURED	PASS
SYN_GENE_0280	REPRESSIVE_CONCORDANT	MEASURED	MEASURED	MEASURED	MEASURED	PASS
SYN_GENE_0281	REPRESSIVE_CONCORDANT	MEASURED	MEASURED	MEASURED	MEASURED	PASS
SYN_GENE_0282	REPRESSIVE_CONCORDANT	MEASURED	MEASURED	MEASURED	MEASURED	PASS
SYN_GENE_0283	REPRESSIVE_CONCORDANT	MEASURED	MEASURED	MEASURED	MEASURED	PASS
SYN_GENE_0284	REPRESSIVE_CONCORDANT	MEASURED	MEASURED	MEASURED	MEASURED	PASS
SYN_GENE_0285	REPRESSIVE_CONCORDANT	MEASURED	MEASURED	MEASURED	MEASURED	PASS
SYN_GENE_0286	REPRESSIVE_CONCORDANT	MEASURED	MEASURED	MEASURED	MEASURED	PASS
SYN_GENE_0287	REPRESSIVE_CONCORDANT	MEASURED	MEASURED	MEASURED	MEASURED	PASS
SYN_GENE_0288	REPRESSIVE_CONCORDANT	MEASURED	MEASURED	MEASURED	MEASURED	PASS
SYN_GENE_0289	REPRESSIVE_CONCORDANT	MEASURED	MEASURED	MEASURED	MEASURED	PASS
SYN_GENE_0290	REPRESSIVE_CONCORDANT	MEASURED	MEASURED	MEASURED	MEASURED	PASS
SYN_GENE_0291	REPRESSIVE_CONCORDANT	MEASURED	MEASURED	MEASURED	MEASURED	PASS
SYN_GENE_0292	REPRESSIVE_CONCORDANT	MEASURED	MEASURED	MEASURED	MEASURED	PASS
SYN_GENE_0293	REPRESSIVE_CONCORDANT	MEASURED	MEASURED	MEASURED	MEASURED	PASS
SYN_GENE_0294	REPRESSIVE_CONCORDANT	MEASURED	MEASURED	MEASURED	MEASURED	PASS
SYN_GENE_0295	REPRESSIVE_CONCORDANT	MEASURED	MEASURED	MEASURED	MEASURED	PASS
SYN_GENE_0296	REPRESSIVE_CONCORDANT	MEASURED	MEASURED	MEASURED	MEASURED	PASS
SYN_GENE_0297	REPRESSIVE_CONCORDANT	MEASURED	MEASURED	MEASURED	MEASURED	PASS
SYN_GENE_0298	REPRESSIVE_CONCORDANT	MEASURED	MEASURED	MEASURED	MEASURED	PASS
SYN_GENE_0299	REPRESSIVE_CONCORDANT	MEASURED	MEASURED	MEASURED	MEASURED	PASS
SYN_GENE_0300	REPRESSIVE_CONCORDANT	MEASURED	MEASURED	MEASURED	MEASURED	PASS
SYN_GENE_0301	REPRESSIVE_CONCORDANT	MEASURED	MEASURED	MEASURED	MEASURED	PASS
SYN_GENE_0302	REPRESSIVE_CONCORDANT	MEASURED	MEASURED	MEASURED	MEASURED	PASS
SYN_GENE_0303	REPRESSIVE_CONCORDANT	MEASURED	MEASURED	MEASURED	MEASURED	PASS
SYN_GENE_0304	REPRESSIVE_CONCORDANT	MEASURED	MEASURED	MEASURED	MEASURED	PASS
SYN_GENE_0305	REPRESSIVE_CONCORDANT	MEASURED	MEASURED	MEASURED	MEASURED	PASS
SYN_GENE_0306	REPRESSIVE_CONCORDANT	MEASURED	MEASURED	MEASURED	MEASURED	PASS
SYN_GENE_0307	REPRESSIVE_CONCORDANT	MEASURED	MEASURED	MEASURED	MEASURED	PASS
SYN_GENE_0308	REPRESSIVE_CONCORDANT	MEASURED	MEASURED	MEASURED	MEASURED	PASS
SYN_GENE_0309	REPRESSIVE_CONCORDANT	MEASURED	MEASURED	MEASURED	MEASURED	PASS
SYN_GENE_0310	REPRESSIVE_CONCORDANT	MEASURED	MEASURED	MEASURED	MEASURED	PASS
SYN_GENE_0311	REPRESSIVE_CONCORDANT	MEASURED	MEASURED	MEASURED	MEASURED	PASS
SYN_GENE_0312	REPRESSIVE_CONCORDANT	MEASURED	MEASURED	MEASURED	MEASURED	PASS
SYN_GENE_0313	REPRESSIVE_CONCORDANT	MEASURED	MEASURED	MEASURED	MEASURED	PASS
SYN_GENE_0314	REPRESSIVE_CONCORDANT	MEASURED	MEASURED	MEASURED	MEASURED	PASS
SYN_GENE_0315	REPRESSIVE_CONCORDANT	MEASURED	MEASURED	MEASURED	MEASURED	PASS
SYN_GENE_0316	REPRESSIVE_CONCORDANT	MEASURED	MEASURED	MEASURED	MEASURED	PASS
SYN_GENE_0317	REPRESSIVE_CONCORDANT	MEASURED	MEASURED	MEASURED	MEASURED	PASS
SYN_GENE_0318	REPRESSIVE_CONCORDANT	MEASURED	MEASURED	MEASURED	MEASURED	PASS
SYN_GENE_0319	REPRESSIVE_CONCORDANT	MEASURED	MEASURED	MEASURED	MEASURED	PASS
SYN_GENE_0320	REPRESSIVE_CONCORDANT	MEASURED	MEASURED	MEASURED	MEASURED	PASS
SYN_GENE_0321	REPRESSIVE_CONCORDANT	MEASURED	MEASURED	MEASURED	MEASURED	PASS
SYN_GENE_0322	REPRESSIVE_CONCORDANT	MEASURED	MEASURED	MEASURED	MEASURED	PASS
SYN_GENE_0323	REPRESSIVE_CONCORDANT	MEASURED	MEASURED	MEASURED	MEASURED	PASS
SYN_GENE_0324	REPRESSIVE_CONCORDANT	MEASURED	MEASURED	MEASURED	MEASURED	PASS
SYN_GENE_0325	REPRESSIVE_CONCORDANT	MEASURED	MEASURED	MEASURED	MEASURED	PASS
SYN_GENE_0326	REPRESSIVE_CONCORDANT	MEASURED	MEASURED	MEASURED	MEASURED	PASS
SYN_GENE_0327	REPRESSIVE_CONCORDANT	MEASURED	MEASURED	MEASURED	MEASURED	PASS
SYN_GENE_0328	REPRESSIVE_CONCORDANT	MEASURED	MEASURED	MEASURED	MEASURED	PASS
SYN_GENE_0329	REPRESSIVE_CONCORDANT	MEASURED	MEASURED	MEASURED	MEASURED	PASS
SYN_GENE_0330	REPRESSIVE_CONCORDANT	MEASURED	MEASURED	MEASURED	MEASURED	PASS
SYN_GENE_0331	REPRESSIVE_CONCORDANT	MEASURED	MEASURED	MEASURED	MEASURED	PASS
SYN_GENE_0332	REPRESSIVE_CONCORDANT	MEASURED	MEASURED	MEASURED	MEASURED	PASS
SYN_GENE_0333	REPRESSIVE_CONCORDANT	MEASURED	MEASURED	MEASURED	MEASURED	PASS
SYN_GENE_0334	REPRESSIVE_CONCORDANT	MEASURED	MEASURED	MEASURED	MEASURED	PASS
SYN_GENE_0335	REPRESSIVE_CONCORDANT	MEASURED	MEASURED	MEASURED	MEASURED	PASS
SYN_GENE_0336	REPRESSIVE_CONCORDANT	MEASURED	MEASURED	MEASURED	MEASURED	PASS
SYN_GENE_0337	REPRESSIVE_CONCORDANT	MEASURED	MEASURED	MEASURED	MEASURED	PASS
SYN_GENE_0338	REPRESSIVE_CONCORDANT	MEASURED	MEASURED	MEASURED	MEASURED	PASS
SYN_GENE_0339	REPRESSIVE_CONCORDANT	MEASURED	MEASURED	MEASURED	MEASURED	PASS
SYN_GENE_0340	REPRESSIVE_CONCORDANT	MEASURED	MEASURED	MEASURED	MEASURED	PASS
SYN_GENE_0341	REPRESSIVE_CONCORDANT	MEASURED	MEASURED	MEASURED	MEASURED	PASS
SYN_GENE_0342	REPRESSIVE_CONCORDANT	MEASURED	MEASURED	MEASURED	MEASURED	PASS
SYN_GENE_0343	REPRESSIVE_CONCORDANT	MEASURED	MEASURED	MEASURED	MEASURED	PASS
SYN_GENE_0344	REPRESSIVE_CONCORDANT	MEASURED	MEASURED	MEASURED	MEASURED	PASS
SYN_GENE_0345	REPRESSIVE_CONCORDANT	MEASURED	MEASURED	MEASURED	MEASURED	PASS
SYN_GENE_0346	REPRESSIVE_CONCORDANT	MEASURED	MEASURED	MEASURED	MEASURED	PASS
SYN_GENE_0347	REPRESSIVE_CONCORDANT	MEASURED	MEASURED	MEASURED	MEASURED	PASS
SYN_GENE_0348	REPRESSIVE_CONCORDANT	MEASURED	MEASURED	MEASURED	MEASURED	PASS
SYN_GENE_0349	REPRESSIVE_CONCORDANT	MEASURED	MEASURED	MEASURED	MEASURED	PASS
SYN_GENE_0350	REPRESSIVE_CONCORDANT	MEASURED	MEASURED	MEASURED	MEASURED	PASS
SYN_GENE_0351	REPRESSIVE_CONCORDANT	MEASURED	MEASURED	MEASURED	MEASURED	PASS
SYN_GENE_0352	REPRESSIVE_CONCORDANT	MEASURED	MEASURED	MEASURED	MEASURED	PASS
SYN_GENE_0353	REPRESSIVE_CONCORDANT	MEASURED	MEASURED	MEASURED	MEASURED	PASS
SYN_GENE_0354	REPRESSIVE_CONCORDANT	MEASURED	MEASURED	MEASURED	MEASURED	PASS
SYN_GENE_0355	REPRESSIVE_CONCORDANT	MEASURED	MEASURED	MEASURED	MEASURED	PASS
SYN_GENE_0356	REPRESSIVE_CONCORDANT	MEASURED	MEASURED	MEASURED	MEASURED	PASS
SYN_GENE_0357	REPRESSIVE_CONCORDANT	MEASURED	MEASURED	MEASURED	MEASURED	PASS
SYN_GENE_0358	REPRESSIVE_CONCORDANT	MEASURED	MEASURED	MEASURED	MEASURED	PASS
SYN_GENE_0359	REPRESSIVE_CONCORDANT	MEASURED	MEASURED	MEASURED	MEASURED	PASS
SYN_GENE_0360	REPRESSIVE_CONCORDANT	MEASURED	MEASURED	MEASURED	MEASURED	PASS
SYN_GENE_0361	REPRESSIVE_CONCORDANT	MEASURED	MEASURED	MEASURED	MEASURED	PASS
SYN_GENE_0362	REPRESSIVE_CONCORDANT	MEASURED	MEASURED	MEASURED	MEASURED	PASS
SYN_GENE_0363	REPRESSIVE_CONCORDANT	MEASURED	MEASURED	MEASURED	MEASURED	PASS
SYN_GENE_0364	REPRESSIVE_CONCORDANT	MEASURED	MEASURED	MEASURED	MEASURED	PASS
SYN_GENE_0365	REPRESSIVE_CONCORDANT	MEASURED	MEASURED	MEASURED	MEASURED	PASS
SYN_GENE_0366	REPRESSIVE_CONCORDANT	MEASURED	MEASURED	MEASURED	MEASURED	PASS
SYN_GENE_0367	REPRESSIVE_CONCORDANT	MEASURED	MEASURED	MEASURED	MEASURED	PASS
SYN_GENE_0368	REPRESSIVE_CONCORDANT	MEASURED	MEASURED	MEASURED	MEASURED	PASS
SYN_GENE_0369	REPRESSIVE_CONCORDANT	MEASURED	MEASURED	MEASURED	MEASURED	PASS
SYN_GENE_0370	REPRESSIVE_CONCORDANT	MEASURED	MEASURED	MEASURED	MEASURED	PASS
SYN_GENE_0371	REPRESSIVE_CONCORDANT	MEASURED	MEASURED	MEASURED	MEASURED	PASS
SYN_GENE_0372	REPRESSIVE_CONCORDANT	MEASURED	MEASURED	MEASURED	MEASURED	PASS
SYN_GENE_0373	REPRESSIVE_CONCORDANT	MEASURED	MEASURED	MEASURED	MEASURED	PASS
SYN_GENE_0374	REPRESSIVE_CONCORDANT	MEASURED	MEASURED	MEASURED	MEASURED	PASS
SYN_GENE_0375	REPRESSIVE_CONCORDANT	MEASURED	MEASURED	MEASURED	MEASURED	PASS
SYN_GENE_0376	REPRESSIVE_CONCORDANT	MEASURED	MEASURED	MEASURED	MEASURED	PASS
SYN_GENE_0377	REPRESSIVE_CONCORDANT	MEASURED	MEASURED	MEASURED	MEASURED	PASS
SYN_GENE_0378	REPRESSIVE_CONCORDANT	MEASURED	MEASURED	MEASURED	MEASURED	PASS
SYN_GENE_0379	REPRESSIVE_CONCORDANT	MEASURED	MEASURED	MEASURED	MEASURED	PASS
SYN_GENE_0380	REPRESSIVE_CONCORDANT	MEASURED	MEASURED	MEASURED	MEASURED	PASS
SYN_GENE_0381	REPRESSIVE_CONCORDANT	MEASURED	MEASURED	MEASURED	MEASURED	PASS
SYN_GENE_0382	REPRESSIVE_CONCORDANT	MEASURED	MEASURED	MEASURED	MEASURED	PASS
SYN_GENE_0383	REPRESSIVE_CONCORDANT	MEASURED	MEASURED	MEASURED	MEASURED	PASS
SYN_GENE_0384	REPRESSIVE_CONCORDANT	MEASURED	MEASURED	MEASURED	MEASURED	PASS
SYN_GENE_0385	REPRESSIVE_CONCORDANT	MEASURED	MEASURED	MEASURED	MEASURED	PASS
SYN_GENE_0386	REPRESSIVE_CONCORDANT	MEASURED	MEASURED	MEASURED	MEASURED	PASS
SYN_GENE_0387	REPRESSIVE_CONCORDANT	MEASURED	MEASURED	MEASURED	MEASURED	PASS
SYN_GENE_0388	REPRESSIVE_CONCORDANT	MEASURED	MEASURED	MEASURED	MEASURED	PASS
SYN_GENE_0389	REPRESSIVE_CONCORDANT	MEASURED	MEASURED	MEASURED	MEASURED	PASS
SYN_GENE_0390	REPRESSIVE_CONCORDANT	MEASURED	MEASURED	MEASURED	MEASURED	PASS
SYN_GENE_0391	REPRESSIVE_CONCORDANT	MEASURED	MEASURED	MEASURED	MEASURED	PASS
SYN_GENE_0392	REPRESSIVE_CONCORDANT	MEASURED	MEASURED	MEASURED	MEASURED	PASS
SYN_GENE_0393	REPRESSIVE_CONCORDANT	MEASURED	MEASURED	MEASURED	MEASURED	PASS
SYN_GENE_0394	REPRESSIVE_CONCORDANT	MEASURED	MEASURED	MEASURED	MEASURED	PASS
SYN_GENE_0395	REPRESSIVE_CONCORDANT	MEASURED	MEASURED	MEASURED	MEASURED	PASS
SYN_GENE_0396	REPRESSIVE_CONCORDANT	MEASURED	MEASURED	MEASURED	MEASURED	PASS
SYN_GENE_0397	REPRESSIVE_CONCORDANT	MEASURED	MEASURED	MEASURED	MEASURED	PASS
SYN_GENE_0398	REPRESSIVE_CONCORDANT	MEASURED	MEASURED	MEASURED	MEASURED	PASS
SYN_GENE_0399	REPRESSIVE_CONCORDANT	MEASURED	MEASURED	MEASURED	MEASURED	PASS
SYN_GENE_0400	REPRESSIVE_CONCORDANT	MEASURED	MEASURED	MEASURED	MEASURED	PASS
SYN_GENE_0401	ACTIVATING_DISCORDANT	MEASURED	MEASURED	MEASURED	MEASURED	PASS
SYN_GENE_0402	ACTIVATING_DISCORDANT	MEASURED	MEASURED	MEASURED	MEASURED	PASS
SYN_GENE_0403	ACTIVATING_DISCORDANT	MEASURED	MEASURED	MEASURED	MEASURED	PASS
SYN_GENE_0404	ACTIVATING_DISCORDANT	MEASURED	MEASURED	MEASURED	MEASURED	PASS
SYN_GENE_0405	ACTIVATING_DISCORDANT	MEASURED	MEASURED	MEASURED	MEASURED	PASS
SYN_GENE_0406	ACTIVATING_DISCORDANT	MEASURED	MEASURED	MEASURED	MEASURED	PASS
SYN_GENE_0407	ACTIVATING_DISCORDANT	MEASURED	MEASURED	MEASURED	MEASURED	PASS
SYN_GENE_0408	ACTIVATING_DISCORDANT	MEASURED	MEASURED	MEASURED	MEASURED	PASS
SYN_GENE_0409	ACTIVATING_DISCORDANT	MEASURED	MEASURED	MEASURED	MEASURED	PASS
SYN_GENE_0410	ACTIVATING_DISCORDANT	MEASURED	MEASURED	MEASURED	MEASURED	PASS
SYN_GENE_0411	ACTIVATING_DISCORDANT	MEASURED	MEASURED	MEASURED	MEASURED	PASS
SYN_GENE_0412	ACTIVATING_DISCORDANT	MEASURED	MEASURED	MEASURED	MEASURED	PASS
SYN_GENE_0413	ACTIVATING_DISCORDANT	MEASURED	MEASURED	MEASURED	MEASURED	PASS
SYN_GENE_0414	ACTIVATING_DISCORDANT	MEASURED	MEASURED	MEASURED	MEASURED	PASS
SYN_GENE_0415	ACTIVATING_DISCORDANT	MEASURED	MEASURED	MEASURED	MEASURED	PASS
SYN_GENE_0416	ACTIVATING_DISCORDANT	MEASURED	MEASURED	MEASURED	MEASURED	PASS
SYN_GENE_0417	ACTIVATING_DISCORDANT	MEASURED	MEASURED	MEASURED	MEASURED	PASS
SYN_GENE_0418	ACTIVATING_DISCORDANT	MEASURED	MEASURED	MEASURED	MEASURED	PASS
SYN_GENE_0419	ACTIVATING_DISCORDANT	MEASURED	MEASURED	MEASURED	MEASURED	PASS
SYN_GENE_0420	ACTIVATING_DISCORDANT	MEASURED	MEASURED	MEASURED	MEASURED	PASS
SYN_GENE_0421	ACTIVATING_DISCORDANT	MEASURED	MEASURED	MEASURED	MEASURED	PASS
SYN_GENE_0422	ACTIVATING_DISCORDANT	MEASURED	MEASURED	MEASURED	MEASURED	PASS
SYN_GENE_0423	ACTIVATING_DISCORDANT	MEASURED	MEASURED	MEASURED	MEASURED	PASS
SYN_GENE_0424	ACTIVATING_DISCORDANT	MEASURED	MEASURED	MEASURED	MEASURED	PASS
SYN_GENE_0425	ACTIVATING_DISCORDANT	MEASURED	MEASURED	MEASURED	MEASURED	PASS
SYN_GENE_0426	ACTIVATING_DISCORDANT	MEASURED	MEASURED	MEASURED	MEASURED	PASS
SYN_GENE_0427	ACTIVATING_DISCORDANT	MEASURED	MEASURED	MEASURED	MEASURED	PASS
SYN_GENE_0428	ACTIVATING_DISCORDANT	MEASURED	MEASURED	MEASURED	MEASURED	PASS
SYN_GENE_0429	ACTIVATING_DISCORDANT	MEASURED	MEASURED	MEASURED	MEASURED	PASS
SYN_GENE_0430	ACTIVATING_DISCORDANT	MEASURED	MEASURED	MEASURED	MEASURED	PASS
SYN_GENE_0431	ACTIVATING_DISCORDANT	MEASURED	MEASURED	MEASURED	MEASURED	PASS
SYN_GENE_0432	ACTIVATING_DISCORDANT	MEASURED	MEASURED	MEASURED	MEASURED	PASS
SYN_GENE_0433	ACTIVATING_DISCORDANT	MEASURED	MEASURED	MEASURED	MEASURED	PASS
SYN_GENE_0434	ACTIVATING_DISCORDANT	MEASURED	MEASURED	MEASURED	MEASURED	PASS
SYN_GENE_0435	ACTIVATING_DISCORDANT	MEASURED	MEASURED	MEASURED	MEASURED	PASS
SYN_GENE_0436	ACTIVATING_DISCORDANT	MEASURED	MEASURED	MEASURED	MEASURED	PASS
SYN_GENE_0437	ACTIVATING_DISCORDANT	MEASURED	MEASURED	MEASURED	MEASURED	PASS
SYN_GENE_0438	ACTIVATING_DISCORDANT	MEASURED	MEASURED	MEASURED	MEASURED	PASS
SYN_GENE_0439	ACTIVATING_DISCORDANT	MEASURED	MEASURED	MEASURED	MEASURED	PASS
SYN_GENE_0440	ACTIVATING_DISCORDANT	MEASURED	MEASURED	MEASURED	MEASURED	PASS
SYN_GENE_0441	ACTIVATING_DISCORDANT	MEASURED	MEASURED	MEASURED	MEASURED	PASS
SYN_GENE_0442	ACTIVATING_DISCORDANT	MEASURED	MEASURED	MEASURED	MEASURED	PASS
SYN_GENE_0443	ACTIVATING_DISCORDANT	MEASURED	MEASURED	MEASURED	MEASURED	PASS
SYN_GENE_0444	ACTIVATING_DISCORDANT	MEASURED	MEASURED	MEASURED	MEASURED	PASS
SYN_GENE_0445	ACTIVATING_DISCORDANT	MEASURED	MEASURED	MEASURED	MEASURED	PASS
SYN_GENE_0446	ACTIVATING_DISCORDANT	MEASURED	MEASURED	MEASURED	MEASURED	PASS
SYN_GENE_0447	ACTIVATING_DISCORDANT	MEASURED	MEASURED	MEASURED	MEASURED	PASS
SYN_GENE_0448	ACTIVATING_DISCORDANT	MEASURED	MEASURED	MEASURED	MEASURED	PASS
SYN_GENE_0449	ACTIVATING_DISCORDANT	MEASURED	MEASURED	MEASURED	MEASURED	PASS
SYN_GENE_0450	ACTIVATING_DISCORDANT	MEASURED	MEASURED	MEASURED	MEASURED	PASS
SYN_GENE_0451	ACTIVATING_DISCORDANT	MEASURED	MEASURED	MEASURED	MEASURED	PASS
SYN_GENE_0452	ACTIVATING_DISCORDANT	MEASURED	MEASURED	MEASURED	MEASURED	PASS
SYN_GENE_0453	ACTIVATING_DISCORDANT	MEASURED	MEASURED	MEASURED	MEASURED	PASS
SYN_GENE_0454	ACTIVATING_DISCORDANT	MEASURED	MEASURED	MEASURED	MEASURED	PASS
SYN_GENE_0455	ACTIVATING_DISCORDANT	MEASURED	MEASURED	MEASURED	MEASURED	PASS
SYN_GENE_0456	ACTIVATING_DISCORDANT	MEASURED	MEASURED	MEASURED	MEASURED	PASS
SYN_GENE_0457	ACTIVATING_DISCORDANT	MEASURED	MEASURED	MEASURED	MEASURED	PASS
SYN_GENE_0458	ACTIVATING_DISCORDANT	MEASURED	MEASURED	MEASURED	MEASURED	PASS
SYN_GENE_0459	ACTIVATING_DISCORDANT	MEASURED	MEASURED	MEASURED	MEASURED	PASS
SYN_GENE_0460	ACTIVATING_DISCORDANT	MEASURED	MEASURED	MEASURED	MEASURED	PASS
SYN_GENE_0461	ACTIVATING_DISCORDANT	MEASURED	MEASURED	MEASURED	MEASURED	PASS
SYN_GENE_0462	ACTIVATING_DISCORDANT	MEASURED	MEASURED	MEASURED	MEASURED	PASS
SYN_GENE_0463	ACTIVATING_DISCORDANT	MEASURED	MEASURED	MEASURED	MEASURED	PASS
SYN_GENE_0464	ACTIVATING_DISCORDANT	MEASURED	MEASURED	MEASURED	MEASURED	PASS
SYN_GENE_0465	ACTIVATING_DISCORDANT	MEASURED	MEASURED	MEASURED	MEASURED	PASS
SYN_GENE_0466	ACTIVATING_DISCORDANT	MEASURED	MEASURED	MEASURED	MEASURED	PASS
SYN_GENE_0467	ACTIVATING_DISCORDANT	MEASURED	MEASURED	MEASURED	MEASURED	PASS
SYN_GENE_0468	ACTIVATING_DISCORDANT	MEASURED	MEASURED	MEASURED	MEASURED	PASS
SYN_GENE_0469	ACTIVATING_DISCORDANT	MEASURED	MEASURED	MEASURED	MEASURED	PASS
SYN_GENE_0470	ACTIVATING_DISCORDANT	MEASURED	MEASURED	MEASURED	MEASURED	PASS
SYN_GENE_0471	ACTIVATING_DISCORDANT	MEASURED	MEASURED	MEASURED	MEASURED	PASS
SYN_GENE_0472	ACTIVATING_DISCORDANT	MEASURED	MEASURED	MEASURED	MEASURED	PASS
SYN_GENE_0473	ACTIVATING_DISCORDANT	MEASURED	MEASURED	MEASURED	MEASURED	PASS
SYN_GENE_0474	ACTIVATING_DISCORDANT	MEASURED	MEASURED	MEASURED	MEASURED	PASS
SYN_GENE_0475	ACTIVATING_DISCORDANT	MEASURED	MEASURED	MEASURED	MEASURED	PASS
SYN_GENE_0476	ACTIVATING_DISCORDANT	MEASURED	MEASURED	MEASURED	MEASURED	PASS
SYN_GENE_0477	ACTIVATING_DISCORDANT	MEASURED	MEASURED	MEASURED	MEASURED	PASS
SYN_GENE_0478	ACTIVATING_DISCORDANT	MEASURED	MEASURED	MEASURED	MEASURED	PASS
SYN_GENE_0479	ACTIVATING_DISCORDANT	MEASURED	MEASURED	MEASURED	MEASURED	PASS
SYN_GENE_0480	ACTIVATING_DISCORDANT	MEASURED	MEASURED	MEASURED	MEASURED	PASS
SYN_GENE_0481	ACTIVATING_DISCORDANT	MEASURED	MEASURED	MEASURED	MEASURED	PASS
SYN_GENE_0482	ACTIVATING_DISCORDANT	MEASURED	MEASURED	MEASURED	MEASURED	PASS
SYN_GENE_0483	ACTIVATING_DISCORDANT	MEASURED	MEASURED	MEASURED	MEASURED	PASS
SYN_GENE_0484	ACTIVATING_DISCORDANT	MEASURED	MEASURED	MEASURED	MEASURED	PASS
SYN_GENE_0485	ACTIVATING_DISCORDANT	MEASURED	MEASURED	MEASURED	MEASURED	PASS
SYN_GENE_0486	ACTIVATING_DISCORDANT	MEASURED	MEASURED	MEASURED	MEASURED	PASS
SYN_GENE_0487	ACTIVATING_DISCORDANT	MEASURED	MEASURED	MEASURED	MEASURED	PASS
SYN_GENE_0488	ACTIVATING_DISCORDANT	MEASURED	MEASURED	MEASURED	MEASURED	PASS
SYN_GENE_0489	ACTIVATING_DISCORDANT	MEASURED	MEASURED	MEASURED	MEASURED	PASS
SYN_GENE_0490	ACTIVATING_DISCORDANT	MEASURED	MEASURED	MEASURED	MEASURED	PASS
SYN_GENE_0491	ACTIVATING_DISCORDANT	MEASURED	MEASURED	MEASURED	MEASURED	PASS
SYN_GENE_0492	ACTIVATING_DISCORDANT	MEASURED	MEASURED	MEASURED	MEASURED	PASS
SYN_GENE_0493	ACTIVATING_DISCORDANT	MEASURED	MEASURED	MEASURED	MEASURED	PASS
SYN_GENE_0494	ACTIVATING_DISCORDANT	MEASURED	MEASURED	MEASURED	MEASURED	PASS
SYN_GENE_0495	ACTIVATING_DISCORDANT	MEASURED	MEASURED	MEASURED	MEASURED	PASS
SYN_GENE_0496	ACTIVATING_DISCORDANT	MEASURED	MEASURED	MEASURED	MEASURED	PASS
SYN_GENE_0497	ACTIVATING_DISCORDANT	MEASURED	MEASURED	MEASURED	MEASURED	PASS
SYN_GENE_0498	ACTIVATING_DISCORDANT	MEASURED	MEASURED	MEASURED	MEASURED	PASS
SYN_GENE_0499	ACTIVATING_DISCORDANT	MEASURED	MEASURED	MEASURED	MEASURED	PASS
SYN_GENE_0500	ACTIVATING_DISCORDANT	MEASURED	MEASURED	MEASURED	MEASURED	PASS
SYN_GENE_0501	REPRESSIVE_DISCORDANT	MEASURED	MEASURED	MEASURED	MEASURED	PASS
SYN_GENE_0502	REPRESSIVE_DISCORDANT	MEASURED	MEASURED	MEASURED	MEASURED	PASS
SYN_GENE_0503	REPRESSIVE_DISCORDANT	MEASURED	MEASURED	MEASURED	MEASURED	PASS
SYN_GENE_0504	REPRESSIVE_DISCORDANT	MEASURED	MEASURED	MEASURED	MEASURED	PASS
SYN_GENE_0505	REPRESSIVE_DISCORDANT	MEASURED	MEASURED	MEASURED	MEASURED	PASS
SYN_GENE_0506	REPRESSIVE_DISCORDANT	MEASURED	MEASURED	MEASURED	MEASURED	PASS
SYN_GENE_0507	REPRESSIVE_DISCORDANT	MEASURED	MEASURED	MEASURED	MEASURED	PASS
SYN_GENE_0508	REPRESSIVE_DISCORDANT	MEASURED	MEASURED	MEASURED	MEASURED	PASS
SYN_GENE_0509	REPRESSIVE_DISCORDANT	MEASURED	MEASURED	MEASURED	MEASURED	PASS
SYN_GENE_0510	REPRESSIVE_DISCORDANT	MEASURED	MEASURED	MEASURED	MEASURED	PASS
SYN_GENE_0511	REPRESSIVE_DISCORDANT	MEASURED	MEASURED	MEASURED	MEASURED	PASS
SYN_GENE_0512	REPRESSIVE_DISCORDANT	MEASURED	MEASURED	MEASURED	MEASURED	PASS
SYN_GENE_0513	REPRESSIVE_DISCORDANT	MEASURED	MEASURED	MEASURED	MEASURED	PASS
SYN_GENE_0514	REPRESSIVE_DISCORDANT	MEASURED	MEASURED	MEASURED	MEASURED	PASS
SYN_GENE_0515	REPRESSIVE_DISCORDANT	MEASURED	MEASURED	MEASURED	MEASURED	PASS
SYN_GENE_0516	REPRESSIVE_DISCORDANT	MEASURED	MEASURED	MEASURED	MEASURED	PASS
SYN_GENE_0517	REPRESSIVE_DISCORDANT	MEASURED	MEASURED	MEASURED	MEASURED	PASS
SYN_GENE_0518	REPRESSIVE_DISCORDANT	MEASURED	MEASURED	MEASURED	MEASURED	PASS
SYN_GENE_0519	REPRESSIVE_DISCORDANT	MEASURED	MEASURED	MEASURED	MEASURED	PASS
SYN_GENE_0520	REPRESSIVE_DISCORDANT	MEASURED	MEASURED	MEASURED	MEASURED	PASS
SYN_GENE_0521	REPRESSIVE_DISCORDANT	MEASURED	MEASURED	MEASURED	MEASURED	PASS
SYN_GENE_0522	REPRESSIVE_DISCORDANT	MEASURED	MEASURED	MEASURED	MEASURED	PASS
SYN_GENE_0523	REPRESSIVE_DISCORDANT	MEASURED	MEASURED	MEASURED	MEASURED	PASS
SYN_GENE_0524	REPRESSIVE_DISCORDANT	MEASURED	MEASURED	MEASURED	MEASURED	PASS
SYN_GENE_0525	REPRESSIVE_DISCORDANT	MEASURED	MEASURED	MEASURED	MEASURED	PASS
SYN_GENE_0526	REPRESSIVE_DISCORDANT	MEASURED	MEASURED	MEASURED	MEASURED	PASS
SYN_GENE_0527	REPRESSIVE_DISCORDANT	MEASURED	MEASURED	MEASURED	MEASURED	PASS
SYN_GENE_0528	REPRESSIVE_DISCORDANT	MEASURED	MEASURED	MEASURED	MEASURED	PASS
SYN_GENE_0529	REPRESSIVE_DISCORDANT	MEASURED	MEASURED	MEASURED	MEASURED	PASS
SYN_GENE_0530	REPRESSIVE_DISCORDANT	MEASURED	MEASURED	MEASURED	MEASURED	PASS
SYN_GENE_0531	REPRESSIVE_DISCORDANT	MEASURED	MEASURED	MEASURED	MEASURED	PASS
SYN_GENE_0532	REPRESSIVE_DISCORDANT	MEASURED	MEASURED	MEASURED	MEASURED	PASS
SYN_GENE_0533	REPRESSIVE_DISCORDANT	MEASURED	MEASURED	MEASURED	MEASURED	PASS
SYN_GENE_0534	REPRESSIVE_DISCORDANT	MEASURED	MEASURED	MEASURED	MEASURED	PASS
SYN_GENE_0535	REPRESSIVE_DISCORDANT	MEASURED	MEASURED	MEASURED	MEASURED	PASS
SYN_GENE_0536	REPRESSIVE_DISCORDANT	MEASURED	MEASURED	MEASURED	MEASURED	PASS
SYN_GENE_0537	REPRESSIVE_DISCORDANT	MEASURED	MEASURED	MEASURED	MEASURED	PASS
SYN_GENE_0538	REPRESSIVE_DISCORDANT	MEASURED	MEASURED	MEASURED	MEASURED	PASS
SYN_GENE_0539	REPRESSIVE_DISCORDANT	MEASURED	MEASURED	MEASURED	MEASURED	PASS
SYN_GENE_0540	REPRESSIVE_DISCORDANT	MEASURED	MEASURED	MEASURED	MEASURED	PASS
SYN_GENE_0541	REPRESSIVE_DISCORDANT	MEASURED	MEASURED	MEASURED	MEASURED	PASS
SYN_GENE_0542	REPRESSIVE_DISCORDANT	MEASURED	MEASURED	MEASURED	MEASURED	PASS
SYN_GENE_0543	REPRESSIVE_DISCORDANT	MEASURED	MEASURED	MEASURED	MEASURED	PASS
SYN_GENE_0544	REPRESSIVE_DISCORDANT	MEASURED	MEASURED	MEASURED	MEASURED	PASS
SYN_GENE_0545	REPRESSIVE_DISCORDANT	MEASURED	MEASURED	MEASURED	MEASURED	PASS
SYN_GENE_0546	REPRESSIVE_DISCORDANT	MEASURED	MEASURED	MEASURED	MEASURED	PASS
SYN_GENE_0547	REPRESSIVE_DISCORDANT	MEASURED	MEASURED	MEASURED	MEASURED	PASS
SYN_GENE_0548	REPRESSIVE_DISCORDANT	MEASURED	MEASURED	MEASURED	MEASURED	PASS
SYN_GENE_0549	REPRESSIVE_DISCORDANT	MEASURED	MEASURED	MEASURED	MEASURED	PASS
SYN_GENE_0550	REPRESSIVE_DISCORDANT	MEASURED	MEASURED	MEASURED	MEASURED	PASS
SYN_GENE_0551	REPRESSIVE_DISCORDANT	MEASURED	MEASURED	MEASURED	MEASURED	PASS
SYN_GENE_0552	REPRESSIVE_DISCORDANT	MEASURED	MEASURED	MEASURED	MEASURED	PASS
SYN_GENE_0553	REPRESSIVE_DISCORDANT	MEASURED	MEASURED	MEASURED	MEASURED	PASS
SYN_GENE_0554	REPRESSIVE_DISCORDANT	MEASURED	MEASURED	MEASURED	MEASURED	PASS
SYN_GENE_0555	REPRESSIVE_DISCORDANT	MEASURED	MEASURED	MEASURED	MEASURED	PASS
SYN_GENE_0556	REPRESSIVE_DISCORDANT	MEASURED	MEASURED	MEASURED	MEASURED	PASS
SYN_GENE_0557	REPRESSIVE_DISCORDANT	MEASURED	MEASURED	MEASURED	MEASURED	PASS
SYN_GENE_0558	REPRESSIVE_DISCORDANT	MEASURED	MEASURED	MEASURED	MEASURED	PASS
SYN_GENE_0559	REPRESSIVE_DISCORDANT	MEASURED	MEASURED	MEASURED	MEASURED	PASS
SYN_GENE_0560	REPRESSIVE_DISCORDANT	MEASURED	MEASURED	MEASURED	MEASURED	PASS
SYN_GENE_0561	REPRESSIVE_DISCORDANT	MEASURED	MEASURED	MEASURED	MEASURED	PASS
SYN_GENE_0562	REPRESSIVE_DISCORDANT	MEASURED	MEASURED	MEASURED	MEASURED	PASS
SYN_GENE_0563	REPRESSIVE_DISCORDANT	MEASURED	MEASURED	MEASURED	MEASURED	PASS
SYN_GENE_0564	REPRESSIVE_DISCORDANT	MEASURED	MEASURED	MEASURED	MEASURED	PASS
SYN_GENE_0565	REPRESSIVE_DISCORDANT	MEASURED	MEASURED	MEASURED	MEASURED	PASS
SYN_GENE_0566	REPRESSIVE_DISCORDANT	MEASURED	MEASURED	MEASURED	MEASURED	PASS
SYN_GENE_0567	REPRESSIVE_DISCORDANT	MEASURED	MEASURED	MEASURED	MEASURED	PASS
SYN_GENE_0568	REPRESSIVE_DISCORDANT	MEASURED	MEASURED	MEASURED	MEASURED	PASS
SYN_GENE_0569	REPRESSIVE_DISCORDANT	MEASURED	MEASURED	MEASURED	MEASURED	PASS
SYN_GENE_0570	REPRESSIVE_DISCORDANT	MEASURED	MEASURED	MEASURED	MEASURED	PASS
SYN_GENE_0571	REPRESSIVE_DISCORDANT	MEASURED	MEASURED	MEASURED	MEASURED	PASS
SYN_GENE_0572	REPRESSIVE_DISCORDANT	MEASURED	MEASURED	MEASURED	MEASURED	PASS
SYN_GENE_0573	REPRESSIVE_DISCORDANT	MEASURED	MEASURED	MEASURED	MEASURED	PASS
SYN_GENE_0574	REPRESSIVE_DISCORDANT	MEASURED	MEASURED	MEASURED	MEASURED	PASS
SYN_GENE_0575	REPRESSIVE_DISCORDANT	MEASURED	MEASURED	MEASURED	MEASURED	PASS
SYN_GENE_0576	REPRESSIVE_DISCORDANT	MEASURED	MEASURED	MEASURED	MEASURED	PASS
SYN_GENE_0577	REPRESSIVE_DISCORDANT	MEASURED	MEASURED	MEASURED	MEASURED	PASS
SYN_GENE_0578	REPRESSIVE_DISCORDANT	MEASURED	MEASURED	MEASURED	MEASURED	PASS
SYN_GENE_0579	REPRESSIVE_DISCORDANT	MEASURED	MEASURED	MEASURED	MEASURED	PASS
SYN_GENE_0580	REPRESSIVE_DISCORDANT	MEASURED	MEASURED	MEASURED	MEASURED	PASS
SYN_GENE_0581	REPRESSIVE_DISCORDANT	MEASURED	MEASURED	MEASURED	MEASURED	PASS
SYN_GENE_0582	REPRESSIVE_DISCORDANT	MEASURED	MEASURED	MEASURED	MEASURED	PASS
SYN_GENE_0583	REPRESSIVE_DISCORDANT	MEASURED	MEASURED	MEASURED	MEASURED	PASS
SYN_GENE_0584	REPRESSIVE_DISCORDANT	MEASURED	MEASURED	MEASURED	MEASURED	PASS
SYN_GENE_0585	REPRESSIVE_DISCORDANT	MEASURED	MEASURED	MEASURED	MEASURED	PASS
SYN_GENE_0586	REPRESSIVE_DISCORDANT	MEASURED	MEASURED	MEASURED	MEASURED	PASS
SYN_GENE_0587	REPRESSIVE_DISCORDANT	MEASURED	MEASURED	MEASURED	MEASURED	PASS
SYN_GENE_0588	REPRESSIVE_DISCORDANT	MEASURED	MEASURED	MEASURED	MEASURED	PASS
SYN_GENE_0589	REPRESSIVE_DISCORDANT	MEASURED	MEASURED	MEASURED	MEASURED	PASS
SYN_GENE_0590	REPRESSIVE_DISCORDANT	MEASURED	MEASURED	MEASURED	MEASURED	PASS
SYN_GENE_0591	REPRESSIVE_DISCORDANT	MEASURED	MEASURED	MEASURED	MEASURED	PASS
SYN_GENE_0592	REPRESSIVE_DISCORDANT	MEASURED	MEASURED	MEASURED	MEASURED	PASS
SYN_GENE_0593	REPRESSIVE_DISCORDANT	MEASURED	MEASURED	MEASURED	MEASURED	PASS
SYN_GENE_0594	REPRESSIVE_DISCORDANT	MEASURED	MEASURED	MEASURED	MEASURED	PASS
SYN_GENE_0595	REPRESSIVE_DISCORDANT	MEASURED	MEASURED	MEASURED	MEASURED	PASS
SYN_GENE_0596	REPRESSIVE_DISCORDANT	MEASURED	MEASURED	MEASURED	MEASURED	PASS
SYN_GENE_0597	REPRESSIVE_DISCORDANT	MEASURED	MEASURED	MEASURED	MEASURED	PASS
SYN_GENE_0598	REPRESSIVE_DISCORDANT	MEASURED	MEASURED	MEASURED	MEASURED	PASS
SYN_GENE_0599	REPRESSIVE_DISCORDANT	MEASURED	MEASURED	MEASURED	MEASURED	PASS
SYN_GENE_0600	REPRESSIVE_DISCORDANT	MEASURED	MEASURED	MEASURED	MEASURED	PASS
SYN_GENE_0601	RNA_ONLY	MEASURED	MEASURED	NO_PEAK	NO_PEAK	PASS
SYN_GENE_0602	RNA_ONLY	MEASURED	MEASURED	NO_PEAK	NO_PEAK	PASS
SYN_GENE_0603	RNA_ONLY	MEASURED	MEASURED	NO_PEAK	NO_PEAK	PASS
SYN_GENE_0604	RNA_ONLY	MEASURED	MEASURED	NO_PEAK	NO_PEAK	PASS
SYN_GENE_0605	RNA_ONLY	MEASURED	MEASURED	NO_PEAK	NO_PEAK	PASS
SYN_GENE_0606	RNA_ONLY	MEASURED	MEASURED	NO_PEAK	NO_PEAK	PASS
SYN_GENE_0607	RNA_ONLY	MEASURED	MEASURED	NO_PEAK	NO_PEAK	PASS
SYN_GENE_0608	RNA_ONLY	MEASURED	MEASURED	NO_PEAK	NO_PEAK	PASS
SYN_GENE_0609	RNA_ONLY	MEASURED	MEASURED	NO_PEAK	NO_PEAK	PASS
SYN_GENE_0610	RNA_ONLY	MEASURED	MEASURED	NO_PEAK	NO_PEAK	PASS
SYN_GENE_0611	RNA_ONLY	MEASURED	MEASURED	NO_PEAK	NO_PEAK	PASS
SYN_GENE_0612	RNA_ONLY	MEASURED	MEASURED	NO_PEAK	NO_PEAK	PASS
SYN_GENE_0613	RNA_ONLY	MEASURED	MEASURED	NO_PEAK	NO_PEAK	PASS
SYN_GENE_0614	RNA_ONLY	MEASURED	MEASURED	NO_PEAK	NO_PEAK	PASS
SYN_GENE_0615	RNA_ONLY	MEASURED	MEASURED	NO_PEAK	NO_PEAK	PASS
SYN_GENE_0616	RNA_ONLY	MEASURED	MEASURED	NO_PEAK	NO_PEAK	PASS
SYN_GENE_0617	RNA_ONLY	MEASURED	MEASURED	NO_PEAK	NO_PEAK	PASS
SYN_GENE_0618	RNA_ONLY	MEASURED	MEASURED	NO_PEAK	NO_PEAK	PASS
SYN_GENE_0619	RNA_ONLY	MEASURED	MEASURED	NO_PEAK	NO_PEAK	PASS
SYN_GENE_0620	RNA_ONLY	MEASURED	MEASURED	NO_PEAK	NO_PEAK	PASS
SYN_GENE_0621	RNA_ONLY	MEASURED	MEASURED	NO_PEAK	NO_PEAK	PASS
SYN_GENE_0622	RNA_ONLY	MEASURED	MEASURED	NO_PEAK	NO_PEAK	PASS
SYN_GENE_0623	RNA_ONLY	MEASURED	MEASURED	NO_PEAK	NO_PEAK	PASS
SYN_GENE_0624	RNA_ONLY	MEASURED	MEASURED	NO_PEAK	NO_PEAK	PASS
SYN_GENE_0625	RNA_ONLY	MEASURED	MEASURED	NO_PEAK	NO_PEAK	PASS
SYN_GENE_0626	RNA_ONLY	MEASURED	MEASURED	NO_PEAK	NO_PEAK	PASS
SYN_GENE_0627	RNA_ONLY	MEASURED	MEASURED	NO_PEAK	NO_PEAK	PASS
SYN_GENE_0628	RNA_ONLY	MEASURED	MEASURED	NO_PEAK	NO_PEAK	PASS
SYN_GENE_0629	RNA_ONLY	MEASURED	MEASURED	NO_PEAK	NO_PEAK	PASS
SYN_GENE_0630	RNA_ONLY	MEASURED	MEASURED	NO_PEAK	NO_PEAK	PASS
SYN_GENE_0631	RNA_ONLY	MEASURED	MEASURED	NO_PEAK	NO_PEAK	PASS
SYN_GENE_0632	RNA_ONLY	MEASURED	MEASURED	NO_PEAK	NO_PEAK	PASS
SYN_GENE_0633	RNA_ONLY	MEASURED	MEASURED	NO_PEAK	NO_PEAK	PASS
SYN_GENE_0634	RNA_ONLY	MEASURED	MEASURED	NO_PEAK	NO_PEAK	PASS
SYN_GENE_0635	RNA_ONLY	MEASURED	MEASURED	NO_PEAK	NO_PEAK	PASS
SYN_GENE_0636	RNA_ONLY	MEASURED	MEASURED	NO_PEAK	NO_PEAK	PASS
SYN_GENE_0637	RNA_ONLY	MEASURED	MEASURED	NO_PEAK	NO_PEAK	PASS
SYN_GENE_0638	RNA_ONLY	MEASURED	MEASURED	NO_PEAK	NO_PEAK	PASS
SYN_GENE_0639	RNA_ONLY	MEASURED	MEASURED	NO_PEAK	NO_PEAK	PASS
SYN_GENE_0640	RNA_ONLY	MEASURED	MEASURED	NO_PEAK	NO_PEAK	PASS
SYN_GENE_0641	RNA_ONLY	MEASURED	MEASURED	NO_PEAK	NO_PEAK	PASS
SYN_GENE_0642	RNA_ONLY	MEASURED	MEASURED	NO_PEAK	NO_PEAK	PASS
SYN_GENE_0643	RNA_ONLY	MEASURED	MEASURED	NO_PEAK	NO_PEAK	PASS
SYN_GENE_0644	RNA_ONLY	MEASURED	MEASURED	NO_PEAK	NO_PEAK	PASS
SYN_GENE_0645	RNA_ONLY	MEASURED	MEASURED	NO_PEAK	NO_PEAK	PASS
SYN_GENE_0646	RNA_ONLY	MEASURED	MEASURED	NO_PEAK	NO_PEAK	PASS
SYN_GENE_0647	RNA_ONLY	MEASURED	MEASURED	NO_PEAK	NO_PEAK	PASS
SYN_GENE_0648	RNA_ONLY	MEASURED	MEASURED	NO_PEAK	NO_PEAK	PASS
SYN_GENE_0649	RNA_ONLY	MEASURED	MEASURED	NO_PEAK	NO_PEAK	PASS
SYN_GENE_0650	RNA_ONLY	MEASURED	MEASURED	NO_PEAK	NO_PEAK	PASS
SYN_GENE_0651	RNA_ONLY	MEASURED	MEASURED	NO_PEAK	NO_PEAK	PASS
SYN_GENE_0652	RNA_ONLY	MEASURED	MEASURED	NO_PEAK	NO_PEAK	PASS
SYN_GENE_0653	RNA_ONLY	MEASURED	MEASURED	NO_PEAK	NO_PEAK	PASS
SYN_GENE_0654	RNA_ONLY	MEASURED	MEASURED	NO_PEAK	NO_PEAK	PASS
SYN_GENE_0655	RNA_ONLY	MEASURED	MEASURED	NO_PEAK	NO_PEAK	PASS
SYN_GENE_0656	RNA_ONLY	MEASURED	MEASURED	NO_PEAK	NO_PEAK	PASS
SYN_GENE_0657	RNA_ONLY	MEASURED	MEASURED	NO_PEAK	NO_PEAK	PASS
SYN_GENE_0658	RNA_ONLY	MEASURED	MEASURED	NO_PEAK	NO_PEAK	PASS
SYN_GENE_0659	RNA_ONLY	MEASURED	MEASURED	NO_PEAK	NO_PEAK	PASS
SYN_GENE_0660	RNA_ONLY	MEASURED	MEASURED	NO_PEAK	NO_PEAK	PASS
SYN_GENE_0661	RNA_ONLY	MEASURED	MEASURED	NO_PEAK	NO_PEAK	PASS
SYN_GENE_0662	RNA_ONLY	MEASURED	MEASURED	NO_PEAK	NO_PEAK	PASS
SYN_GENE_0663	RNA_ONLY	MEASURED	MEASURED	NO_PEAK	NO_PEAK	PASS
SYN_GENE_0664	RNA_ONLY	MEASURED	MEASURED	NO_PEAK	NO_PEAK	PASS
SYN_GENE_0665	RNA_ONLY	MEASURED	MEASURED	NO_PEAK	NO_PEAK	PASS
SYN_GENE_0666	RNA_ONLY	MEASURED	MEASURED	NO_PEAK	NO_PEAK	PASS
SYN_GENE_0667	RNA_ONLY	MEASURED	MEASURED	NO_PEAK	NO_PEAK	PASS
SYN_GENE_0668	RNA_ONLY	MEASURED	MEASURED	NO_PEAK	NO_PEAK	PASS
SYN_GENE_0669	RNA_ONLY	MEASURED	MEASURED	NO_PEAK	NO_PEAK	PASS
SYN_GENE_0670	RNA_ONLY	MEASURED	MEASURED	NO_PEAK	NO_PEAK	PASS
SYN_GENE_0671	RNA_ONLY	MEASURED	MEASURED	NO_PEAK	NO_PEAK	PASS
SYN_GENE_0672	RNA_ONLY	MEASURED	MEASURED	NO_PEAK	NO_PEAK	PASS
SYN_GENE_0673	RNA_ONLY	MEASURED	MEASURED	NO_PEAK	NO_PEAK	PASS
SYN_GENE_0674	RNA_ONLY	MEASURED	MEASURED	NO_PEAK	NO_PEAK	PASS
SYN_GENE_0675	RNA_ONLY	MEASURED	MEASURED	NO_PEAK	NO_PEAK	PASS
SYN_GENE_0676	RNA_ONLY	MEASURED	MEASURED	NO_PEAK	NO_PEAK	PASS
SYN_GENE_0677	RNA_ONLY	MEASURED	MEASURED	NO_PEAK	NO_PEAK	PASS
SYN_GENE_0678	RNA_ONLY	MEASURED	MEASURED	NO_PEAK	NO_PEAK	PASS
SYN_GENE_0679	RNA_ONLY	MEASURED	MEASURED	NO_PEAK	NO_PEAK	PASS
SYN_GENE_0680	RNA_ONLY	MEASURED	MEASURED	NO_PEAK	NO_PEAK	PASS
SYN_GENE_0681	RNA_ONLY	MEASURED	MEASURED	NO_PEAK	NO_PEAK	PASS
SYN_GENE_0682	RNA_ONLY	MEASURED	MEASURED	NO_PEAK	NO_PEAK	PASS
SYN_GENE_0683	RNA_ONLY	MEASURED	MEASURED	NO_PEAK	NO_PEAK	PASS
SYN_GENE_0684	RNA_ONLY	MEASURED	MEASURED	NO_PEAK	NO_PEAK	PASS
SYN_GENE_0685	RNA_ONLY	MEASURED	MEASURED	NO_PEAK	NO_PEAK	PASS
SYN_GENE_0686	RNA_ONLY	MEASURED	MEASURED	NO_PEAK	NO_PEAK	PASS
SYN_GENE_0687	RNA_ONLY	MEASURED	MEASURED	NO_PEAK	NO_PEAK	PASS
SYN_GENE_0688	RNA_ONLY	MEASURED	MEASURED	NO_PEAK	NO_PEAK	PASS
SYN_GENE_0689	RNA_ONLY	MEASURED	MEASURED	NO_PEAK	NO_PEAK	PASS
SYN_GENE_0690	RNA_ONLY	MEASURED	MEASURED	NO_PEAK	NO_PEAK	PASS
SYN_GENE_0691	RNA_ONLY	MEASURED	MEASURED	NO_PEAK	NO_PEAK	PASS
SYN_GENE_0692	RNA_ONLY	MEASURED	MEASURED	NO_PEAK	NO_PEAK	PASS
SYN_GENE_0693	RNA_ONLY	MEASURED	MEASURED	NO_PEAK	NO_PEAK	PASS
SYN_GENE_0694	RNA_ONLY	MEASURED	MEASURED	NO_PEAK	NO_PEAK	PASS
SYN_GENE_0695	RNA_ONLY	MEASURED	MEASURED	NO_PEAK	NO_PEAK	PASS
SYN_GENE_0696	RNA_ONLY	MEASURED	MEASURED	NO_PEAK	NO_PEAK	PASS
SYN_GENE_0697	RNA_ONLY	MEASURED	MEASURED	NO_PEAK	NO_PEAK	PASS
SYN_GENE_0698	RNA_ONLY	MEASURED	MEASURED	NO_PEAK	NO_PEAK	PASS
SYN_GENE_0699	RNA_ONLY	MEASURED	MEASURED	NO_PEAK	NO_PEAK	PASS
SYN_GENE_0700	RNA_ONLY	MEASURED	MEASURED	NO_PEAK	NO_PEAK	PASS
SYN_GENE_0701	CHIP_ONLY	NOT_MEASURED	NOT_MEASURED	MEASURED	MEASURED	PASS
SYN_GENE_0702	CHIP_ONLY	NOT_MEASURED	NOT_MEASURED	MEASURED	MEASURED	PASS
SYN_GENE_0703	CHIP_ONLY	NOT_MEASURED	NOT_MEASURED	MEASURED	MEASURED	PASS
SYN_GENE_0704	CHIP_ONLY	NOT_MEASURED	NOT_MEASURED	MEASURED	MEASURED	PASS
SYN_GENE_0705	CHIP_ONLY	NOT_MEASURED	NOT_MEASURED	MEASURED	MEASURED	PASS
SYN_GENE_0706	CHIP_ONLY	NOT_MEASURED	NOT_MEASURED	MEASURED	MEASURED	PASS
SYN_GENE_0707	CHIP_ONLY	NOT_MEASURED	NOT_MEASURED	MEASURED	MEASURED	PASS
SYN_GENE_0708	CHIP_ONLY	NOT_MEASURED	NOT_MEASURED	MEASURED	MEASURED	PASS
SYN_GENE_0709	CHIP_ONLY	NOT_MEASURED	NOT_MEASURED	MEASURED	MEASURED	PASS
SYN_GENE_0710	CHIP_ONLY	NOT_MEASURED	NOT_MEASURED	MEASURED	MEASURED	PASS
SYN_GENE_0711	CHIP_ONLY	NOT_MEASURED	NOT_MEASURED	MEASURED	MEASURED	PASS
SYN_GENE_0712	CHIP_ONLY	NOT_MEASURED	NOT_MEASURED	MEASURED	MEASURED	PASS
SYN_GENE_0713	CHIP_ONLY	NOT_MEASURED	NOT_MEASURED	MEASURED	MEASURED	PASS
SYN_GENE_0714	CHIP_ONLY	NOT_MEASURED	NOT_MEASURED	MEASURED	MEASURED	PASS
SYN_GENE_0715	CHIP_ONLY	NOT_MEASURED	NOT_MEASURED	MEASURED	MEASURED	PASS
SYN_GENE_0716	CHIP_ONLY	NOT_MEASURED	NOT_MEASURED	MEASURED	MEASURED	PASS
SYN_GENE_0717	CHIP_ONLY	NOT_MEASURED	NOT_MEASURED	MEASURED	MEASURED	PASS
SYN_GENE_0718	CHIP_ONLY	NOT_MEASURED	NOT_MEASURED	MEASURED	MEASURED	PASS
SYN_GENE_0719	CHIP_ONLY	NOT_MEASURED	NOT_MEASURED	MEASURED	MEASURED	PASS
SYN_GENE_0720	CHIP_ONLY	NOT_MEASURED	NOT_MEASURED	MEASURED	MEASURED	PASS
SYN_GENE_0721	CHIP_ONLY	NOT_MEASURED	NOT_MEASURED	MEASURED	MEASURED	PASS
SYN_GENE_0722	CHIP_ONLY	NOT_MEASURED	NOT_MEASURED	MEASURED	MEASURED	PASS
SYN_GENE_0723	CHIP_ONLY	NOT_MEASURED	NOT_MEASURED	MEASURED	MEASURED	PASS
SYN_GENE_0724	CHIP_ONLY	NOT_MEASURED	NOT_MEASURED	MEASURED	MEASURED	PASS
SYN_GENE_0725	CHIP_ONLY	NOT_MEASURED	NOT_MEASURED	MEASURED	MEASURED	PASS
SYN_GENE_0726	CHIP_ONLY	NOT_MEASURED	NOT_MEASURED	MEASURED	MEASURED	PASS
SYN_GENE_0727	CHIP_ONLY	NOT_MEASURED	NOT_MEASURED	MEASURED	MEASURED	PASS
SYN_GENE_0728	CHIP_ONLY	NOT_MEASURED	NOT_MEASURED	MEASURED	MEASURED	PASS
SYN_GENE_0729	CHIP_ONLY	NOT_MEASURED	NOT_MEASURED	MEASURED	MEASURED	PASS
SYN_GENE_0730	CHIP_ONLY	NOT_MEASURED	NOT_MEASURED	MEASURED	MEASURED	PASS
SYN_GENE_0731	CHIP_ONLY	NOT_MEASURED	NOT_MEASURED	MEASURED	MEASURED	PASS
SYN_GENE_0732	CHIP_ONLY	NOT_MEASURED	NOT_MEASURED	MEASURED	MEASURED	PASS
SYN_GENE_0733	CHIP_ONLY	NOT_MEASURED	NOT_MEASURED	MEASURED	MEASURED	PASS
SYN_GENE_0734	CHIP_ONLY	NOT_MEASURED	NOT_MEASURED	MEASURED	MEASURED	PASS
SYN_GENE_0735	CHIP_ONLY	NOT_MEASURED	NOT_MEASURED	MEASURED	MEASURED	PASS
SYN_GENE_0736	CHIP_ONLY	NOT_MEASURED	NOT_MEASURED	MEASURED	MEASURED	PASS
SYN_GENE_0737	CHIP_ONLY	NOT_MEASURED	NOT_MEASURED	MEASURED	MEASURED	PASS
SYN_GENE_0738	CHIP_ONLY	NOT_MEASURED	NOT_MEASURED	MEASURED	MEASURED	PASS
SYN_GENE_0739	CHIP_ONLY	NOT_MEASURED	NOT_MEASURED	MEASURED	MEASURED	PASS
SYN_GENE_0740	CHIP_ONLY	NOT_MEASURED	NOT_MEASURED	MEASURED	MEASURED	PASS
SYN_GENE_0741	CHIP_ONLY	NOT_MEASURED	NOT_MEASURED	MEASURED	MEASURED	PASS
SYN_GENE_0742	CHIP_ONLY	NOT_MEASURED	NOT_MEASURED	MEASURED	MEASURED	PASS
SYN_GENE_0743	CHIP_ONLY	NOT_MEASURED	NOT_MEASURED	MEASURED	MEASURED	PASS
SYN_GENE_0744	CHIP_ONLY	NOT_MEASURED	NOT_MEASURED	MEASURED	MEASURED	PASS
SYN_GENE_0745	CHIP_ONLY	NOT_MEASURED	NOT_MEASURED	MEASURED	MEASURED	PASS
SYN_GENE_0746	CHIP_ONLY	NOT_MEASURED	NOT_MEASURED	MEASURED	MEASURED	PASS
SYN_GENE_0747	CHIP_ONLY	NOT_MEASURED	NOT_MEASURED	MEASURED	MEASURED	PASS
SYN_GENE_0748	CHIP_ONLY	NOT_MEASURED	NOT_MEASURED	MEASURED	MEASURED	PASS
SYN_GENE_0749	CHIP_ONLY	NOT_MEASURED	NOT_MEASURED	MEASURED	MEASURED	PASS
SYN_GENE_0750	CHIP_ONLY	NOT_MEASURED	NOT_MEASURED	MEASURED	MEASURED	PASS
SYN_GENE_0751	CHIP_ONLY	NOT_MEASURED	NOT_MEASURED	MEASURED	MEASURED	PASS
SYN_GENE_0752	CHIP_ONLY	NOT_MEASURED	NOT_MEASURED	MEASURED	MEASURED	PASS
SYN_GENE_0753	CHIP_ONLY	NOT_MEASURED	NOT_MEASURED	MEASURED	MEASURED	PASS
SYN_GENE_0754	CHIP_ONLY	NOT_MEASURED	NOT_MEASURED	MEASURED	MEASURED	PASS
SYN_GENE_0755	CHIP_ONLY	NOT_MEASURED	NOT_MEASURED	MEASURED	MEASURED	PASS
SYN_GENE_0756	CHIP_ONLY	NOT_MEASURED	NOT_MEASURED	MEASURED	MEASURED	PASS
SYN_GENE_0757	CHIP_ONLY	NOT_MEASURED	NOT_MEASURED	MEASURED	MEASURED	PASS
SYN_GENE_0758	CHIP_ONLY	NOT_MEASURED	NOT_MEASURED	MEASURED	MEASURED	PASS
SYN_GENE_0759	CHIP_ONLY	NOT_MEASURED	NOT_MEASURED	MEASURED	MEASURED	PASS
SYN_GENE_0760	CHIP_ONLY	NOT_MEASURED	NOT_MEASURED	MEASURED	MEASURED	PASS
SYN_GENE_0761	CHIP_ONLY	NOT_MEASURED	NOT_MEASURED	MEASURED	MEASURED	PASS
SYN_GENE_0762	CHIP_ONLY	NOT_MEASURED	NOT_MEASURED	MEASURED	MEASURED	PASS
SYN_GENE_0763	CHIP_ONLY	NOT_MEASURED	NOT_MEASURED	MEASURED	MEASURED	PASS
SYN_GENE_0764	CHIP_ONLY	NOT_MEASURED	NOT_MEASURED	MEASURED	MEASURED	PASS
SYN_GENE_0765	CHIP_ONLY	NOT_MEASURED	NOT_MEASURED	MEASURED	MEASURED	PASS
SYN_GENE_0766	CHIP_ONLY	NOT_MEASURED	NOT_MEASURED	MEASURED	MEASURED	PASS
SYN_GENE_0767	CHIP_ONLY	NOT_MEASURED	NOT_MEASURED	MEASURED	MEASURED	PASS
SYN_GENE_0768	CHIP_ONLY	NOT_MEASURED	NOT_MEASURED	MEASURED	MEASURED	PASS
SYN_GENE_0769	CHIP_ONLY	NOT_MEASURED	NOT_MEASURED	MEASURED	MEASURED	PASS
SYN_GENE_0770	CHIP_ONLY	NOT_MEASURED	NOT_MEASURED	MEASURED	MEASURED	PASS
SYN_GENE_0771	CHIP_ONLY	NOT_MEASURED	NOT_MEASURED	MEASURED	MEASURED	PASS
SYN_GENE_0772	CHIP_ONLY	NOT_MEASURED	NOT_MEASURED	MEASURED	MEASURED	PASS
SYN_GENE_0773	CHIP_ONLY	NOT_MEASURED	NOT_MEASURED	MEASURED	MEASURED	PASS
SYN_GENE_0774	CHIP_ONLY	NOT_MEASURED	NOT_MEASURED	MEASURED	MEASURED	PASS
SYN_GENE_0775	CHIP_ONLY	NOT_MEASURED	NOT_MEASURED	MEASURED	MEASURED	PASS
SYN_GENE_0776	CHIP_ONLY	NOT_MEASURED	NOT_MEASURED	MEASURED	MEASURED	PASS
SYN_GENE_0777	CHIP_ONLY	NOT_MEASURED	NOT_MEASURED	MEASURED	MEASURED	PASS
SYN_GENE_0778	CHIP_ONLY	NOT_MEASURED	NOT_MEASURED	MEASURED	MEASURED	PASS
SYN_GENE_0779	CHIP_ONLY	NOT_MEASURED	NOT_MEASURED	MEASURED	MEASURED	PASS
SYN_GENE_0780	CHIP_ONLY	NOT_MEASURED	NOT_MEASURED	MEASURED	MEASURED	PASS
SYN_GENE_0781	CHIP_ONLY	NOT_MEASURED	NOT_MEASURED	MEASURED	MEASURED	PASS
SYN_GENE_0782	CHIP_ONLY	NOT_MEASURED	NOT_MEASURED	MEASURED	MEASURED	PASS
SYN_GENE_0783	CHIP_ONLY	NOT_MEASURED	NOT_MEASURED	MEASURED	MEASURED	PASS
SYN_GENE_0784	CHIP_ONLY	NOT_MEASURED	NOT_MEASURED	MEASURED	MEASURED	PASS
SYN_GENE_0785	CHIP_ONLY	NOT_MEASURED	NOT_MEASURED	MEASURED	MEASURED	PASS
SYN_GENE_0786	CHIP_ONLY	NOT_MEASURED	NOT_MEASURED	MEASURED	MEASURED	PASS
SYN_GENE_0787	CHIP_ONLY	NOT_MEASURED	NOT_MEASURED	MEASURED	MEASURED	PASS
SYN_GENE_0788	CHIP_ONLY	NOT_MEASURED	NOT_MEASURED	MEASURED	MEASURED	PASS
SYN_GENE_0789	CHIP_ONLY	NOT_MEASURED	NOT_MEASURED	MEASURED	MEASURED	PASS
SYN_GENE_0790	CHIP_ONLY	NOT_MEASURED	NOT_MEASURED	MEASURED	MEASURED	PASS
SYN_GENE_0791	CHIP_ONLY	NOT_MEASURED	NOT_MEASURED	MEASURED	MEASURED	PASS
SYN_GENE_0792	CHIP_ONLY	NOT_MEASURED	NOT_MEASURED	MEASURED	MEASURED	PASS
SYN_GENE_0793	CHIP_ONLY	NOT_MEASURED	NOT_MEASURED	MEASURED	MEASURED	PASS
SYN_GENE_0794	CHIP_ONLY	NOT_MEASURED	NOT_MEASURED	MEASURED	MEASURED	PASS
SYN_GENE_0795	CHIP_ONLY	NOT_MEASURED	NOT_MEASURED	MEASURED	MEASURED	PASS
SYN_GENE_0796	CHIP_ONLY	NOT_MEASURED	NOT_MEASURED	MEASURED	MEASURED	PASS
SYN_GENE_0797	CHIP_ONLY	NOT_MEASURED	NOT_MEASURED	MEASURED	MEASURED	PASS
SYN_GENE_0798	CHIP_ONLY	NOT_MEASURED	NOT_MEASURED	MEASURED	MEASURED	PASS
SYN_GENE_0799	CHIP_ONLY	NOT_MEASURED	NOT_MEASURED	MEASURED	MEASURED	PASS
SYN_GENE_0800	CHIP_ONLY	NOT_MEASURED	NOT_MEASURED	MEASURED	MEASURED	PASS
SYN_GENE_0801	NO_CHANGE_BACKGROUND	MEASURED	MEASURED	NO_PEAK	NO_PEAK	PASS
SYN_GENE_0802	NO_CHANGE_BACKGROUND	MEASURED	MEASURED	NO_PEAK	NO_PEAK	PASS
SYN_GENE_0803	NO_CHANGE_BACKGROUND	MEASURED	MEASURED	NO_PEAK	NO_PEAK	PASS
SYN_GENE_0804	NO_CHANGE_BACKGROUND	MEASURED	MEASURED	NO_PEAK	NO_PEAK	PASS
SYN_GENE_0805	NO_CHANGE_BACKGROUND	MEASURED	MEASURED	NO_PEAK	NO_PEAK	PASS
SYN_GENE_0806	NO_CHANGE_BACKGROUND	MEASURED	MEASURED	NO_PEAK	NO_PEAK	PASS
SYN_GENE_0807	NO_CHANGE_BACKGROUND	MEASURED	MEASURED	NO_PEAK	NO_PEAK	PASS
SYN_GENE_0808	NO_CHANGE_BACKGROUND	MEASURED	MEASURED	NO_PEAK	NO_PEAK	PASS
SYN_GENE_0809	NO_CHANGE_BACKGROUND	MEASURED	MEASURED	NO_PEAK	NO_PEAK	PASS
SYN_GENE_0810	NO_CHANGE_BACKGROUND	MEASURED	MEASURED	NO_PEAK	NO_PEAK	PASS
SYN_GENE_0811	NO_CHANGE_BACKGROUND	MEASURED	MEASURED	NO_PEAK	NO_PEAK	PASS
SYN_GENE_0812	NO_CHANGE_BACKGROUND	MEASURED	MEASURED	NO_PEAK	NO_PEAK	PASS
SYN_GENE_0813	NO_CHANGE_BACKGROUND	MEASURED	MEASURED	NO_PEAK	NO_PEAK	PASS
SYN_GENE_0814	NO_CHANGE_BACKGROUND	MEASURED	MEASURED	NO_PEAK	NO_PEAK	PASS
SYN_GENE_0815	NO_CHANGE_BACKGROUND	MEASURED	MEASURED	NO_PEAK	NO_PEAK	PASS
SYN_GENE_0816	NO_CHANGE_BACKGROUND	MEASURED	MEASURED	NO_PEAK	NO_PEAK	PASS
SYN_GENE_0817	NO_CHANGE_BACKGROUND	MEASURED	MEASURED	NO_PEAK	NO_PEAK	PASS
SYN_GENE_0818	NO_CHANGE_BACKGROUND	MEASURED	MEASURED	NO_PEAK	NO_PEAK	PASS
SYN_GENE_0819	NO_CHANGE_BACKGROUND	MEASURED	MEASURED	NO_PEAK	NO_PEAK	PASS
SYN_GENE_0820	NO_CHANGE_BACKGROUND	MEASURED	MEASURED	NO_PEAK	NO_PEAK	PASS
SYN_GENE_0821	NO_CHANGE_BACKGROUND	MEASURED	MEASURED	NO_PEAK	NO_PEAK	PASS
SYN_GENE_0822	NO_CHANGE_BACKGROUND	MEASURED	MEASURED	NO_PEAK	NO_PEAK	PASS
SYN_GENE_0823	NO_CHANGE_BACKGROUND	MEASURED	MEASURED	NO_PEAK	NO_PEAK	PASS
SYN_GENE_0824	NO_CHANGE_BACKGROUND	MEASURED	MEASURED	NO_PEAK	NO_PEAK	PASS
SYN_GENE_0825	NO_CHANGE_BACKGROUND	MEASURED	MEASURED	NO_PEAK	NO_PEAK	PASS
SYN_GENE_0826	NO_CHANGE_BACKGROUND	MEASURED	MEASURED	NO_PEAK	NO_PEAK	PASS
SYN_GENE_0827	NO_CHANGE_BACKGROUND	MEASURED	MEASURED	NO_PEAK	NO_PEAK	PASS
SYN_GENE_0828	NO_CHANGE_BACKGROUND	MEASURED	MEASURED	NO_PEAK	NO_PEAK	PASS
SYN_GENE_0829	NO_CHANGE_BACKGROUND	MEASURED	MEASURED	NO_PEAK	NO_PEAK	PASS
SYN_GENE_0830	NO_CHANGE_BACKGROUND	MEASURED	MEASURED	NO_PEAK	NO_PEAK	PASS
SYN_GENE_0831	NO_CHANGE_BACKGROUND	MEASURED	MEASURED	NO_PEAK	NO_PEAK	PASS
SYN_GENE_0832	NO_CHANGE_BACKGROUND	MEASURED	MEASURED	NO_PEAK	NO_PEAK	PASS
SYN_GENE_0833	NO_CHANGE_BACKGROUND	MEASURED	MEASURED	NO_PEAK	NO_PEAK	PASS
SYN_GENE_0834	NO_CHANGE_BACKGROUND	MEASURED	MEASURED	NO_PEAK	NO_PEAK	PASS
SYN_GENE_0835	NO_CHANGE_BACKGROUND	MEASURED	MEASURED	NO_PEAK	NO_PEAK	PASS
SYN_GENE_0836	NO_CHANGE_BACKGROUND	MEASURED	MEASURED	NO_PEAK	NO_PEAK	PASS
SYN_GENE_0837	NO_CHANGE_BACKGROUND	MEASURED	MEASURED	NO_PEAK	NO_PEAK	PASS
SYN_GENE_0838	NO_CHANGE_BACKGROUND	MEASURED	MEASURED	NO_PEAK	NO_PEAK	PASS
SYN_GENE_0839	NO_CHANGE_BACKGROUND	MEASURED	MEASURED	NO_PEAK	NO_PEAK	PASS
SYN_GENE_0840	NO_CHANGE_BACKGROUND	MEASURED	MEASURED	NO_PEAK	NO_PEAK	PASS
SYN_GENE_0841	NO_CHANGE_BACKGROUND	MEASURED	MEASURED	NO_PEAK	NO_PEAK	PASS
SYN_GENE_0842	NO_CHANGE_BACKGROUND	MEASURED	MEASURED	NO_PEAK	NO_PEAK	PASS
SYN_GENE_0843	NO_CHANGE_BACKGROUND	MEASURED	MEASURED	NO_PEAK	NO_PEAK	PASS
SYN_GENE_0844	NO_CHANGE_BACKGROUND	MEASURED	MEASURED	NO_PEAK	NO_PEAK	PASS
SYN_GENE_0845	NO_CHANGE_BACKGROUND	MEASURED	MEASURED	NO_PEAK	NO_PEAK	PASS
SYN_GENE_0846	NO_CHANGE_BACKGROUND	MEASURED	MEASURED	NO_PEAK	NO_PEAK	PASS
SYN_GENE_0847	NO_CHANGE_BACKGROUND	MEASURED	MEASURED	NO_PEAK	NO_PEAK	PASS
SYN_GENE_0848	NO_CHANGE_BACKGROUND	MEASURED	MEASURED	NO_PEAK	NO_PEAK	PASS
SYN_GENE_0849	NO_CHANGE_BACKGROUND	MEASURED	MEASURED	NO_PEAK	NO_PEAK	PASS
SYN_GENE_0850	NO_CHANGE_BACKGROUND	MEASURED	MEASURED	NO_PEAK	NO_PEAK	PASS
SYN_GENE_0851	NO_CHANGE_BACKGROUND	MEASURED	MEASURED	NO_PEAK	NO_PEAK	PASS
SYN_GENE_0852	NO_CHANGE_BACKGROUND	MEASURED	MEASURED	NO_PEAK	NO_PEAK	PASS
SYN_GENE_0853	NO_CHANGE_BACKGROUND	MEASURED	MEASURED	NO_PEAK	NO_PEAK	PASS
SYN_GENE_0854	NO_CHANGE_BACKGROUND	MEASURED	MEASURED	NO_PEAK	NO_PEAK	PASS
SYN_GENE_0855	NO_CHANGE_BACKGROUND	MEASURED	MEASURED	NO_PEAK	NO_PEAK	PASS
SYN_GENE_0856	NO_CHANGE_BACKGROUND	MEASURED	MEASURED	NO_PEAK	NO_PEAK	PASS
SYN_GENE_0857	NO_CHANGE_BACKGROUND	MEASURED	MEASURED	NO_PEAK	NO_PEAK	PASS
SYN_GENE_0858	NO_CHANGE_BACKGROUND	MEASURED	MEASURED	NO_PEAK	NO_PEAK	PASS
SYN_GENE_0859	NO_CHANGE_BACKGROUND	MEASURED	MEASURED	NO_PEAK	NO_PEAK	PASS
SYN_GENE_0860	NO_CHANGE_BACKGROUND	MEASURED	MEASURED	NO_PEAK	NO_PEAK	PASS
SYN_GENE_0861	NO_CHANGE_BACKGROUND	MEASURED	MEASURED	NO_PEAK	NO_PEAK	PASS
SYN_GENE_0862	NO_CHANGE_BACKGROUND	MEASURED	MEASURED	NO_PEAK	NO_PEAK	PASS
SYN_GENE_0863	NO_CHANGE_BACKGROUND	MEASURED	MEASURED	NO_PEAK	NO_PEAK	PASS
SYN_GENE_0864	NO_CHANGE_BACKGROUND	MEASURED	MEASURED	NO_PEAK	NO_PEAK	PASS
SYN_GENE_0865	NO_CHANGE_BACKGROUND	MEASURED	MEASURED	NO_PEAK	NO_PEAK	PASS
SYN_GENE_0866	NO_CHANGE_BACKGROUND	MEASURED	MEASURED	NO_PEAK	NO_PEAK	PASS
SYN_GENE_0867	NO_CHANGE_BACKGROUND	MEASURED	MEASURED	NO_PEAK	NO_PEAK	PASS
SYN_GENE_0868	NO_CHANGE_BACKGROUND	MEASURED	MEASURED	NO_PEAK	NO_PEAK	PASS
SYN_GENE_0869	NO_CHANGE_BACKGROUND	MEASURED	MEASURED	NO_PEAK	NO_PEAK	PASS
SYN_GENE_0870	NO_CHANGE_BACKGROUND	MEASURED	MEASURED	NO_PEAK	NO_PEAK	PASS
SYN_GENE_0871	NO_CHANGE_BACKGROUND	MEASURED	MEASURED	NO_PEAK	NO_PEAK	PASS
SYN_GENE_0872	NO_CHANGE_BACKGROUND	MEASURED	MEASURED	NO_PEAK	NO_PEAK	PASS
SYN_GENE_0873	NO_CHANGE_BACKGROUND	MEASURED	MEASURED	NO_PEAK	NO_PEAK	PASS
SYN_GENE_0874	NO_CHANGE_BACKGROUND	MEASURED	MEASURED	NO_PEAK	NO_PEAK	PASS
SYN_GENE_0875	NO_CHANGE_BACKGROUND	MEASURED	MEASURED	NO_PEAK	NO_PEAK	PASS
SYN_GENE_0876	NO_CHANGE_BACKGROUND	MEASURED	MEASURED	NO_PEAK	NO_PEAK	PASS
SYN_GENE_0877	NO_CHANGE_BACKGROUND	MEASURED	MEASURED	NO_PEAK	NO_PEAK	PASS
SYN_GENE_0878	NO_CHANGE_BACKGROUND	MEASURED	MEASURED	NO_PEAK	NO_PEAK	PASS
SYN_GENE_0879	NO_CHANGE_BACKGROUND	MEASURED	MEASURED	NO_PEAK	NO_PEAK	PASS
SYN_GENE_0880	NO_CHANGE_BACKGROUND	MEASURED	MEASURED	NO_PEAK	NO_PEAK	PASS
SYN_GENE_0881	NO_CHANGE_BACKGROUND	MEASURED	MEASURED	NO_PEAK	NO_PEAK	PASS
SYN_GENE_0882	NO_CHANGE_BACKGROUND	MEASURED	MEASURED	NO_PEAK	NO_PEAK	PASS
SYN_GENE_0883	NO_CHANGE_BACKGROUND	MEASURED	MEASURED	NO_PEAK	NO_PEAK	PASS
SYN_GENE_0884	NO_CHANGE_BACKGROUND	MEASURED	MEASURED	NO_PEAK	NO_PEAK	PASS
SYN_GENE_0885	NO_CHANGE_BACKGROUND	MEASURED	MEASURED	NO_PEAK	NO_PEAK	PASS
SYN_GENE_0886	NO_CHANGE_BACKGROUND	MEASURED	MEASURED	NO_PEAK	NO_PEAK	PASS
SYN_GENE_0887	NO_CHANGE_BACKGROUND	MEASURED	MEASURED	NO_PEAK	NO_PEAK	PASS
SYN_GENE_0888	NO_CHANGE_BACKGROUND	MEASURED	MEASURED	NO_PEAK	NO_PEAK	PASS
SYN_GENE_0889	NO_CHANGE_BACKGROUND	MEASURED	MEASURED	NO_PEAK	NO_PEAK	PASS
SYN_GENE_0890	NO_CHANGE_BACKGROUND	MEASURED	MEASURED	NO_PEAK	NO_PEAK	PASS
SYN_GENE_0891	NO_CHANGE_BACKGROUND	MEASURED	MEASURED	NO_PEAK	NO_PEAK	PASS
SYN_GENE_0892	NO_CHANGE_BACKGROUND	MEASURED	MEASURED	NO_PEAK	NO_PEAK	PASS
SYN_GENE_0893	NO_CHANGE_BACKGROUND	MEASURED	MEASURED	NO_PEAK	NO_PEAK	PASS
SYN_GENE_0894	NO_CHANGE_BACKGROUND	MEASURED	MEASURED	NO_PEAK	NO_PEAK	PASS
SYN_GENE_0895	NO_CHANGE_BACKGROUND	MEASURED	MEASURED	NO_PEAK	NO_PEAK	PASS
SYN_GENE_0896	NO_CHANGE_BACKGROUND	MEASURED	MEASURED	NO_PEAK	NO_PEAK	PASS
SYN_GENE_0897	NO_CHANGE_BACKGROUND	MEASURED	MEASURED	NO_PEAK	NO_PEAK	PASS
SYN_GENE_0898	NO_CHANGE_BACKGROUND	MEASURED	MEASURED	NO_PEAK	NO_PEAK	PASS
SYN_GENE_0899	NO_CHANGE_BACKGROUND	MEASURED	MEASURED	NO_PEAK	NO_PEAK	PASS
SYN_GENE_0900	NO_CHANGE_BACKGROUND	MEASURED	MEASURED	NO_PEAK	NO_PEAK	PASS
SYN_GENE_0901	NO_CHANGE_BACKGROUND	MEASURED	MEASURED	MEASURED	MEASURED	PASS
SYN_GENE_0902	NO_CHANGE_BACKGROUND	MEASURED	MEASURED	MEASURED	MEASURED	PASS
SYN_GENE_0903	NO_CHANGE_BACKGROUND	MEASURED	MEASURED	MEASURED	MEASURED	PASS
SYN_GENE_0904	NO_CHANGE_BACKGROUND	MEASURED	MEASURED	MEASURED	MEASURED	PASS
SYN_GENE_0905	NO_CHANGE_BACKGROUND	MEASURED	MEASURED	MEASURED	MEASURED	PASS
SYN_GENE_0906	NO_CHANGE_BACKGROUND	MEASURED	MEASURED	MEASURED	MEASURED	PASS
SYN_GENE_0907	NO_CHANGE_BACKGROUND	MEASURED	MEASURED	MEASURED	MEASURED	PASS
SYN_GENE_0908	NO_CHANGE_BACKGROUND	MEASURED	MEASURED	MEASURED	MEASURED	PASS
SYN_GENE_0909	NO_CHANGE_BACKGROUND	MEASURED	MEASURED	MEASURED	MEASURED	PASS
SYN_GENE_0910	NO_CHANGE_BACKGROUND	MEASURED	MEASURED	MEASURED	MEASURED	PASS
SYN_GENE_0911	NO_CHANGE_BACKGROUND	MEASURED	MEASURED	MEASURED	MEASURED	PASS
SYN_GENE_0912	NO_CHANGE_BACKGROUND	MEASURED	MEASURED	MEASURED	MEASURED	PASS
SYN_GENE_0913	NO_CHANGE_BACKGROUND	MEASURED	MEASURED	MEASURED	MEASURED	PASS
SYN_GENE_0914	NO_CHANGE_BACKGROUND	MEASURED	MEASURED	MEASURED	MEASURED	PASS
SYN_GENE_0915	NO_CHANGE_BACKGROUND	MEASURED	MEASURED	MEASURED	MEASURED	PASS
SYN_GENE_0916	NO_CHANGE_BACKGROUND	MEASURED	MEASURED	MEASURED	MEASURED	PASS
SYN_GENE_0917	NO_CHANGE_BACKGROUND	MEASURED	MEASURED	MEASURED	MEASURED	PASS
SYN_GENE_0918	NO_CHANGE_BACKGROUND	MEASURED	MEASURED	MEASURED	MEASURED	PASS
SYN_GENE_0919	NO_CHANGE_BACKGROUND	MEASURED	MEASURED	MEASURED	MEASURED	PASS
SYN_GENE_0920	NO_CHANGE_BACKGROUND	MEASURED	MEASURED	MEASURED	MEASURED	PASS
SYN_GENE_0921	NO_CHANGE_BACKGROUND	MEASURED	MEASURED	MEASURED	MEASURED	PASS
SYN_GENE_0922	NO_CHANGE_BACKGROUND	MEASURED	MEASURED	MEASURED	MEASURED	PASS
SYN_GENE_0923	NO_CHANGE_BACKGROUND	MEASURED	MEASURED	MEASURED	MEASURED	PASS
SYN_GENE_0924	NO_CHANGE_BACKGROUND	MEASURED	MEASURED	MEASURED	MEASURED	PASS
SYN_GENE_0925	NO_CHANGE_BACKGROUND	MEASURED	MEASURED	MEASURED	MEASURED	PASS
SYN_GENE_0926	NO_CHANGE_BACKGROUND	MEASURED	MEASURED	MEASURED	MEASURED	PASS
SYN_GENE_0927	NO_CHANGE_BACKGROUND	MEASURED	MEASURED	MEASURED	MEASURED	PASS
SYN_GENE_0928	NO_CHANGE_BACKGROUND	MEASURED	MEASURED	MEASURED	MEASURED	PASS
SYN_GENE_0929	NO_CHANGE_BACKGROUND	MEASURED	MEASURED	MEASURED	MEASURED	PASS
SYN_GENE_0930	NO_CHANGE_BACKGROUND	MEASURED	MEASURED	MEASURED	MEASURED	PASS
SYN_GENE_0931	NO_CHANGE_BACKGROUND	MEASURED	MEASURED	MEASURED	MEASURED	PASS
SYN_GENE_0932	NO_CHANGE_BACKGROUND	MEASURED	MEASURED	MEASURED	MEASURED	PASS
SYN_GENE_0933	NO_CHANGE_BACKGROUND	MEASURED	MEASURED	MEASURED	MEASURED	PASS
SYN_GENE_0934	NO_CHANGE_BACKGROUND	MEASURED	MEASURED	MEASURED	MEASURED	PASS
SYN_GENE_0935	NO_CHANGE_BACKGROUND	MEASURED	MEASURED	MEASURED	MEASURED	PASS
SYN_GENE_0936	NO_CHANGE_BACKGROUND	MEASURED	MEASURED	MEASURED	MEASURED	PASS
SYN_GENE_0937	NO_CHANGE_BACKGROUND	MEASURED	MEASURED	MEASURED	MEASURED	PASS
SYN_GENE_0938	NO_CHANGE_BACKGROUND	MEASURED	MEASURED	MEASURED	MEASURED	PASS
SYN_GENE_0939	NO_CHANGE_BACKGROUND	MEASURED	MEASURED	MEASURED	MEASURED	PASS
SYN_GENE_0940	NO_CHANGE_BACKGROUND	MEASURED	MEASURED	MEASURED	MEASURED	PASS
SYN_GENE_0941	NO_CHANGE_BACKGROUND	MEASURED	MEASURED	MEASURED	MEASURED	PASS
SYN_GENE_0942	NO_CHANGE_BACKGROUND	MEASURED	MEASURED	MEASURED	MEASURED	PASS
SYN_GENE_0943	NO_CHANGE_BACKGROUND	MEASURED	MEASURED	MEASURED	MEASURED	PASS
SYN_GENE_0944	NO_CHANGE_BACKGROUND	MEASURED	MEASURED	MEASURED	MEASURED	PASS
SYN_GENE_0945	NO_CHANGE_BACKGROUND	MEASURED	MEASURED	MEASURED	MEASURED	PASS
SYN_GENE_0946	NO_CHANGE_BACKGROUND	MEASURED	MEASURED	MEASURED	MEASURED	PASS
SYN_GENE_0947	NO_CHANGE_BACKGROUND	MEASURED	MEASURED	MEASURED	MEASURED	PASS
SYN_GENE_0948	NO_CHANGE_BACKGROUND	MEASURED	MEASURED	MEASURED	MEASURED	PASS
SYN_GENE_0949	NO_CHANGE_BACKGROUND	MEASURED	MEASURED	MEASURED	MEASURED	PASS
SYN_GENE_0950	NO_CHANGE_BACKGROUND	MEASURED	MEASURED	MEASURED	MEASURED	PASS
SYN_GENE_0951	NO_CHANGE_BACKGROUND	MEASURED	MEASURED	MEASURED	MEASURED	PASS
SYN_GENE_0952	NO_CHANGE_BACKGROUND	MEASURED	MEASURED	MEASURED	MEASURED	PASS
SYN_GENE_0953	NO_CHANGE_BACKGROUND	MEASURED	MEASURED	MEASURED	MEASURED	PASS
SYN_GENE_0954	NO_CHANGE_BACKGROUND	MEASURED	MEASURED	MEASURED	MEASURED	PASS
SYN_GENE_0955	NO_CHANGE_BACKGROUND	MEASURED	MEASURED	MEASURED	MEASURED	PASS
SYN_GENE_0956	NO_CHANGE_BACKGROUND	MEASURED	MEASURED	MEASURED	MEASURED	PASS
SYN_GENE_0957	NO_CHANGE_BACKGROUND	MEASURED	MEASURED	MEASURED	MEASURED	PASS
SYN_GENE_0958	NO_CHANGE_BACKGROUND	MEASURED	MEASURED	MEASURED	MEASURED	PASS
SYN_GENE_0959	NO_CHANGE_BACKGROUND	MEASURED	MEASURED	MEASURED	MEASURED	PASS
SYN_GENE_0960	NO_CHANGE_BACKGROUND	MEASURED	MEASURED	MEASURED	MEASURED	PASS
SYN_GENE_0961	NO_CHANGE_BACKGROUND	MEASURED	MEASURED	MEASURED	MEASURED	PASS
SYN_GENE_0962	NO_CHANGE_BACKGROUND	MEASURED	MEASURED	MEASURED	MEASURED	PASS
SYN_GENE_0963	NO_CHANGE_BACKGROUND	MEASURED	MEASURED	MEASURED	MEASURED	PASS
SYN_GENE_0964	NO_CHANGE_BACKGROUND	MEASURED	MEASURED	MEASURED	MEASURED	PASS
SYN_GENE_0965	NO_CHANGE_BACKGROUND	MEASURED	MEASURED	MEASURED	MEASURED	PASS
SYN_GENE_0966	NO_CHANGE_BACKGROUND	MEASURED	MEASURED	MEASURED	MEASURED	PASS
SYN_GENE_0967	NO_CHANGE_BACKGROUND	MEASURED	MEASURED	MEASURED	MEASURED	PASS
SYN_GENE_0968	NO_CHANGE_BACKGROUND	MEASURED	MEASURED	MEASURED	MEASURED	PASS
SYN_GENE_0969	NO_CHANGE_BACKGROUND	MEASURED	MEASURED	MEASURED	MEASURED	PASS
SYN_GENE_0970	NO_CHANGE_BACKGROUND	MEASURED	MEASURED	MEASURED	MEASURED	PASS
SYN_GENE_0971	NO_CHANGE_BACKGROUND	MEASURED	MEASURED	MEASURED	MEASURED	PASS
SYN_GENE_0972	NO_CHANGE_BACKGROUND	MEASURED	MEASURED	MEASURED	MEASURED	PASS
SYN_GENE_0973	NO_CHANGE_BACKGROUND	MEASURED	MEASURED	MEASURED	MEASURED	PASS
SYN_GENE_0974	NO_CHANGE_BACKGROUND	MEASURED	MEASURED	MEASURED	MEASURED	PASS
SYN_GENE_0975	NO_CHANGE_BACKGROUND	MEASURED	MEASURED	MEASURED	MEASURED	PASS
SYN_GENE_0976	NO_CHANGE_BACKGROUND	MEASURED	MEASURED	MEASURED	MEASURED	PASS
SYN_GENE_0977	NO_CHANGE_BACKGROUND	MEASURED	MEASURED	MEASURED	MEASURED	PASS
SYN_GENE_0978	NO_CHANGE_BACKGROUND	MEASURED	MEASURED	MEASURED	MEASURED	PASS
SYN_GENE_0979	NO_CHANGE_BACKGROUND	MEASURED	MEASURED	MEASURED	MEASURED	PASS
SYN_GENE_0980	NO_CHANGE_BACKGROUND	MEASURED	MEASURED	MEASURED	MEASURED	PASS
SYN_GENE_0981	NO_CHANGE_BACKGROUND	MEASURED	MEASURED	MEASURED	MEASURED	PASS
SYN_GENE_0982	NO_CHANGE_BACKGROUND	MEASURED	MEASURED	MEASURED	MEASURED	PASS
SYN_GENE_0983	NO_CHANGE_BACKGROUND	MEASURED	MEASURED	MEASURED	MEASURED	PASS
SYN_GENE_0984	NO_CHANGE_BACKGROUND	MEASURED	MEASURED	MEASURED	MEASURED	PASS
SYN_GENE_0985	NO_CHANGE_BACKGROUND	MEASURED	MEASURED	MEASURED	MEASURED	PASS
SYN_GENE_0986	NO_CHANGE_BACKGROUND	MEASURED	MEASURED	MEASURED	MEASURED	PASS
SYN_GENE_0987	NO_CHANGE_BACKGROUND	MEASURED	MEASURED	MEASURED	MEASURED	PASS
SYN_GENE_0988	NO_CHANGE_BACKGROUND	MEASURED	MEASURED	MEASURED	MEASURED	PASS
SYN_GENE_0989	NO_CHANGE_BACKGROUND	MEASURED	MEASURED	MEASURED	MEASURED	PASS
SYN_GENE_0990	NO_CHANGE_BACKGROUND	MEASURED	MEASURED	MEASURED	MEASURED	PASS
SYN_GENE_0991	NO_CHANGE_BACKGROUND	MEASURED	MEASURED	MEASURED	MEASURED	PASS
SYN_GENE_0992	NO_CHANGE_BACKGROUND	MEASURED	MEASURED	MEASURED	MEASURED	PASS
SYN_GENE_0993	NO_CHANGE_BACKGROUND	MEASURED	MEASURED	MEASURED	MEASURED	PASS
SYN_GENE_0994	NO_CHANGE_BACKGROUND	MEASURED	MEASURED	MEASURED	MEASURED	PASS
SYN_GENE_0995	NO_CHANGE_BACKGROUND	MEASURED	MEASURED	MEASURED	MEASURED	PASS
SYN_GENE_0996	NO_CHANGE_BACKGROUND	MEASURED	MEASURED	MEASURED	MEASURED	PASS
SYN_GENE_0997	NO_CHANGE_BACKGROUND	MEASURED	MEASURED	MEASURED	MEASURED	PASS
SYN_GENE_0998	NO_CHANGE_BACKGROUND	MEASURED	MEASURED	MEASURED	MEASURED	PASS
SYN_GENE_0999	NO_CHANGE_BACKGROUND	MEASURED	MEASURED	MEASURED	MEASURED	PASS
SYN_GENE_1000	NO_CHANGE_BACKGROUND	MEASURED	MEASURED	MEASURED	MEASURED	PASS
