artifact	baseline_sha256	direct_sha256	reentry_sha256	status
chip/chipseq_run_manifest.json	ba66c768b2848921782fb153d024b5cba344d9c6818a668542bb912e3de31e15	ba66c768b2848921782fb153d024b5cba344d9c6818a668542bb912e3de31e15	ba66c768b2848921782fb153d024b5cba344d9c6818a668542bb912e3de31e15	PASS
chip/integration_artifacts/H3K27ac.564b68b5.adults.narrowPeak	532cfd7e0cb0dd42dfb6f2d95bb038b520ceba2896ab6379ffed4b2c2f766635	532cfd7e0cb0dd42dfb6f2d95bb038b520ceba2896ab6379ffed4b2c2f766635	532cfd7e0cb0dd42dfb6f2d95bb038b520ceba2896ab6379ffed4b2c2f766635	PASS
chip/integration_artifacts/H3K27ac.564b68b5.control.narrowPeak	67dd1afa26c05775a1b95691768a41ddb7fa1b8b4cced493bba04877f412d084	67dd1afa26c05775a1b95691768a41ddb7fa1b8b4cced493bba04877f412d084	67dd1afa26c05775a1b95691768a41ddb7fa1b8b4cced493bba04877f412d084	PASS
chip/integration_artifacts/H3K27ac.564b68b5.treated.narrowPeak	994b69ef5083b80b4f20ce3ae4a559fbccf1a3f7878842eee47d4a70762068eb	994b69ef5083b80b4f20ce3ae4a559fbccf1a3f7878842eee47d4a70762068eb	994b69ef5083b80b4f20ce3ae4a559fbccf1a3f7878842eee47d4a70762068eb	PASS
chip/integration_artifacts/H3K27me3.3b526b4e.adults.narrowPeak	678885e17f8a4797f21743e96a5aa17e733e4b45c51c02c1063626888f9d0918	678885e17f8a4797f21743e96a5aa17e733e4b45c51c02c1063626888f9d0918	678885e17f8a4797f21743e96a5aa17e733e4b45c51c02c1063626888f9d0918	PASS
chip/integration_artifacts/H3K27me3.3b526b4e.control.narrowPeak	517557324e62f8b5590e9e22b2f3d10deb063cedf866744b3d45c1a7e4bf0373	517557324e62f8b5590e9e22b2f3d10deb063cedf866744b3d45c1a7e4bf0373	517557324e62f8b5590e9e22b2f3d10deb063cedf866744b3d45c1a7e4bf0373	PASS
chip/integration_artifacts/H3K27me3.3b526b4e.treated.narrowPeak	7c4f8083d6c0b7f48cadf9f133c258a310271dc655cbb764b629eaf3188c7467	7c4f8083d6c0b7f48cadf9f133c258a310271dc655cbb764b629eaf3188c7467	7c4f8083d6c0b7f48cadf9f133c258a310271dc655cbb764b629eaf3188c7467	PASS
chip/integration_artifacts/H3K4me3.22cd7c55.control.narrowPeak	cee090d9c9d2b698203f0cd3b7a818a75efeba65716256f329000b981c2f17bb	cee090d9c9d2b698203f0cd3b7a818a75efeba65716256f329000b981c2f17bb	cee090d9c9d2b698203f0cd3b7a818a75efeba65716256f329000b981c2f17bb	PASS
chip/integration_artifacts/H3K4me3.22cd7c55.treated.narrowPeak	c089335ab612f7777a8338bc83ab490ec183784566c0f7dc2f36974f1b46deba	c089335ab612f7777a8338bc83ab490ec183784566c0f7dc2f36974f1b46deba	c089335ab612f7777a8338bc83ab490ec183784566c0f7dc2f36974f1b46deba	PASS
chip/integration_artifacts/H3K9me3.11b57077.control.narrowPeak	82f566a4dd71f737171dfae131fd9714766e67197c6f7db6c5af9d9891298fd3	82f566a4dd71f737171dfae131fd9714766e67197c6f7db6c5af9d9891298fd3	82f566a4dd71f737171dfae131fd9714766e67197c6f7db6c5af9d9891298fd3	PASS
chip/integration_artifacts/H3K9me3.11b57077.treated.narrowPeak	a5123267a621e812aea2bee57016badf68474eca648743ad6f4f2bcba0469fc6	a5123267a621e812aea2bee57016badf68474eca648743ad6f4f2bcba0469fc6	a5123267a621e812aea2bee57016badf68474eca648743ad6f4f2bcba0469fc6	PASS
chip/integration_artifacts/HP1.1b618055.control.narrowPeak	4d8bc3e2b75dabb5ecacece900a1fa2295b811ac8c1c762986f5827d27c505d6	4d8bc3e2b75dabb5ecacece900a1fa2295b811ac8c1c762986f5827d27c505d6	4d8bc3e2b75dabb5ecacece900a1fa2295b811ac8c1c762986f5827d27c505d6	PASS
chip/integration_artifacts/HP1.1b618055.treated.narrowPeak	cdc3e504081c3aea6b84c5a165c4d29400d02357c8deb8fa5c56d284be16fe2f	cdc3e504081c3aea6b84c5a165c4d29400d02357c8deb8fa5c56d284be16fe2f	cdc3e504081c3aea6b84c5a165c4d29400d02357c8deb8fa5c56d284be16fe2f	PASS
chip/integration_artifacts/SYNTHETIC_UNKNOWN_MARK.b96ba5f5.control.narrowPeak	a392204ed0d8db7ae6b3c62031619b2a28fba74fdb72110c812fa73fb8943a28	a392204ed0d8db7ae6b3c62031619b2a28fba74fdb72110c812fa73fb8943a28	a392204ed0d8db7ae6b3c62031619b2a28fba74fdb72110c812fa73fb8943a28	PASS
chip/integration_artifacts/SYNTHETIC_UNKNOWN_MARK.b96ba5f5.treated.narrowPeak	fc0624aa2dc6c12d1d28a57aca7f75aeed1ea97fb3f37f871e00a4afe29ee2e4	fc0624aa2dc6c12d1d28a57aca7f75aeed1ea97fb3f37f871e00a4afe29ee2e4	fc0624aa2dc6c12d1d28a57aca7f75aeed1ea97fb3f37f871e00a4afe29ee2e4	PASS
chip/integration_artifacts/differential_binding.tsv	33bb3ce0b307c6e9bf31bad9a31361b790c78907d3424560f8b1f9e71b380ada	33bb3ce0b307c6e9bf31bad9a31361b790c78907d3424560f8b1f9e71b380ada	33bb3ce0b307c6e9bf31bad9a31361b790c78907d3424560f8b1f9e71b380ada	PASS
chip/integration_artifacts/h3k27ac.a2a6efa6.adults.narrowPeak	abf3a18a78be8e1f61741895839050f1de149cc318d38ddc5cf86cdbbf18ea6c	abf3a18a78be8e1f61741895839050f1de149cc318d38ddc5cf86cdbbf18ea6c	abf3a18a78be8e1f61741895839050f1de149cc318d38ddc5cf86cdbbf18ea6c	PASS
chip/integration_artifacts/h3k27ac.a2a6efa6.control.narrowPeak	4f4aca6b0d417a59b502192fc3020ec1149d8727647a0a29474c76118483929d	4f4aca6b0d417a59b502192fc3020ec1149d8727647a0a29474c76118483929d	4f4aca6b0d417a59b502192fc3020ec1149d8727647a0a29474c76118483929d	PASS
chip/integration_artifacts/h3k27ac.a2a6efa6.treated.narrowPeak	7b39a40daaa2a124f7ed2610119ac22c7416eb6554da9540f4ce4cd7a97cae5f	7b39a40daaa2a124f7ed2610119ac22c7416eb6554da9540f4ce4cd7a97cae5f	7b39a40daaa2a124f7ed2610119ac22c7416eb6554da9540f4ce4cd7a97cae5f	PASS
chip/integration_artifacts/h3k4me3.dca1b426.control.narrowPeak	bc193e3a542990a9f55baf928a715c9b8e54d5bc75d5811d6bd1b4b4ed7c1e0f	bc193e3a542990a9f55baf928a715c9b8e54d5bc75d5811d6bd1b4b4ed7c1e0f	bc193e3a542990a9f55baf928a715c9b8e54d5bc75d5811d6bd1b4b4ed7c1e0f	PASS
chip/integration_artifacts/h3k4me3.dca1b426.treated.narrowPeak	b6a3938e110ab72cee68c8b3d9430c8695600089b413698b965863eeab279722	b6a3938e110ab72cee68c8b3d9430c8695600089b413698b965863eeab279722	b6a3938e110ab72cee68c8b3d9430c8695600089b413698b965863eeab279722	PASS
chip/integration_artifacts/h3k9me3.be64c403.control.narrowPeak	1caf76eaa743f9383c47eda745e6d3e56fda51e30221caa43f1dc031378d5562	1caf76eaa743f9383c47eda745e6d3e56fda51e30221caa43f1dc031378d5562	1caf76eaa743f9383c47eda745e6d3e56fda51e30221caa43f1dc031378d5562	PASS
chip/integration_artifacts/h3k9me3.be64c403.treated.narrowPeak	92e1708f9de3c574fcd8b18105024519b7d1eeace649b7f2a637a4345984ea99	92e1708f9de3c574fcd8b18105024519b7d1eeace649b7f2a637a4345984ea99	92e1708f9de3c574fcd8b18105024519b7d1eeace649b7f2a637a4345984ea99	PASS
chip/integration_artifacts/peak_gene_annotation.tsv	566f897678a670e3f06eed91b871f8a4d46a5b39ea0bfdcaa379b9d256df83b7	566f897678a670e3f06eed91b871f8a4d46a5b39ea0bfdcaa379b9d256df83b7	566f897678a670e3f06eed91b871f8a4d46a5b39ea0bfdcaa379b9d256df83b7	PASS
functional_annotation.tsv	17c5cceb8fef8ee53ced3e34c96213cd3f3701a9b0dfe698fbd9fa5a40747521	17c5cceb8fef8ee53ced3e34c96213cd3f3701a9b0dfe698fbd9fa5a40747521	17c5cceb8fef8ee53ced3e34c96213cd3f3701a9b0dfe698fbd9fa5a40747521	PASS
harmonization_policy.json	51ecf0c94d49b259f007c33ff1c0ab0511f4bb55a974fd77f72484ec31169939	51ecf0c94d49b259f007c33ff1c0ab0511f4bb55a974fd77f72484ec31169939	51ecf0c94d49b259f007c33ff1c0ab0511f4bb55a974fd77f72484ec31169939	PASS
prioritization_context.tsv	da30767ad4e1b7f1cfa5d70041aa322ec8605e6abb0b5ecd0acb7beaa2be1aba	da30767ad4e1b7f1cfa5d70041aa322ec8605e6abb0b5ecd0acb7beaa2be1aba	da30767ad4e1b7f1cfa5d70041aa322ec8605e6abb0b5ecd0acb7beaa2be1aba	PASS
rna/integration_artifacts/rna_abundance_adult.tsv	6ccdd1ded75b5cba03e81a80aed84d911a3235cf8b61d9e26dd1e0882c24b24f	6ccdd1ded75b5cba03e81a80aed84d911a3235cf8b61d9e26dd1e0882c24b24f	6ccdd1ded75b5cba03e81a80aed84d911a3235cf8b61d9e26dd1e0882c24b24f	PASS
rna/integration_artifacts/rna_abundance_main.tsv	73514dee004826afcbc5daa5ac407507bb3b44e0e0e33c90ba37f32067c70a11	73514dee004826afcbc5daa5ac407507bb3b44e0e0e33c90ba37f32067c70a11	73514dee004826afcbc5daa5ac407507bb3b44e0e0e33c90ba37f32067c70a11	PASS
rna/integration_artifacts/rna_differential_expression.tsv	b0b5a98725589cd5c1f5c4ac00c2df76ce4746e77ec5f64f1027b6add3fd064d	b0b5a98725589cd5c1f5c4ac00c2df76ce4746e77ec5f64f1027b6add3fd064d	b0b5a98725589cd5c1f5c4ac00c2df76ce4746e77ec5f64f1027b6add3fd064d	PASS
rna/rnaseq_run_manifest.json	ee5988830f42c3292e1bf2b4c495a306e3a67a42549747e278296ff2c41e59d8	ee5988830f42c3292e1bf2b4c495a306e3a67a42549747e278296ff2c41e59d8	ee5988830f42c3292e1bf2b4c495a306e3a67a42549747e278296ff2c41e59d8	PASS
